"","steps","date","interval","DOW","naSteps"
"1",NA,"2012-10-01",0,"Monday",TRUE
"2",NA,"2012-10-01",5,"Monday",TRUE
"3",NA,"2012-10-01",10,"Monday",TRUE
"4",NA,"2012-10-01",15,"Monday",TRUE
"5",NA,"2012-10-01",20,"Monday",TRUE
"6",NA,"2012-10-01",25,"Monday",TRUE
"7",NA,"2012-10-01",30,"Monday",TRUE
"8",NA,"2012-10-01",35,"Monday",TRUE
"9",NA,"2012-10-01",40,"Monday",TRUE
"10",NA,"2012-10-01",45,"Monday",TRUE
"11",NA,"2012-10-01",50,"Monday",TRUE
"12",NA,"2012-10-01",55,"Monday",TRUE
"13",NA,"2012-10-01",100,"Monday",TRUE
"14",NA,"2012-10-01",105,"Monday",TRUE
"15",NA,"2012-10-01",110,"Monday",TRUE
"16",NA,"2012-10-01",115,"Monday",TRUE
"17",NA,"2012-10-01",120,"Monday",TRUE
"18",NA,"2012-10-01",125,"Monday",TRUE
"19",NA,"2012-10-01",130,"Monday",TRUE
"20",NA,"2012-10-01",135,"Monday",TRUE
"21",NA,"2012-10-01",140,"Monday",TRUE
"22",NA,"2012-10-01",145,"Monday",TRUE
"23",NA,"2012-10-01",150,"Monday",TRUE
"24",NA,"2012-10-01",155,"Monday",TRUE
"25",NA,"2012-10-01",200,"Monday",TRUE
"26",NA,"2012-10-01",205,"Monday",TRUE
"27",NA,"2012-10-01",210,"Monday",TRUE
"28",NA,"2012-10-01",215,"Monday",TRUE
"29",NA,"2012-10-01",220,"Monday",TRUE
"30",NA,"2012-10-01",225,"Monday",TRUE
"31",NA,"2012-10-01",230,"Monday",TRUE
"32",NA,"2012-10-01",235,"Monday",TRUE
"33",NA,"2012-10-01",240,"Monday",TRUE
"34",NA,"2012-10-01",245,"Monday",TRUE
"35",NA,"2012-10-01",250,"Monday",TRUE
"36",NA,"2012-10-01",255,"Monday",TRUE
"37",NA,"2012-10-01",300,"Monday",TRUE
"38",NA,"2012-10-01",305,"Monday",TRUE
"39",NA,"2012-10-01",310,"Monday",TRUE
"40",NA,"2012-10-01",315,"Monday",TRUE
"41",NA,"2012-10-01",320,"Monday",TRUE
"42",NA,"2012-10-01",325,"Monday",TRUE
"43",NA,"2012-10-01",330,"Monday",TRUE
"44",NA,"2012-10-01",335,"Monday",TRUE
"45",NA,"2012-10-01",340,"Monday",TRUE
"46",NA,"2012-10-01",345,"Monday",TRUE
"47",NA,"2012-10-01",350,"Monday",TRUE
"48",NA,"2012-10-01",355,"Monday",TRUE
"49",NA,"2012-10-01",400,"Monday",TRUE
"50",NA,"2012-10-01",405,"Monday",TRUE
"51",NA,"2012-10-01",410,"Monday",TRUE
"52",NA,"2012-10-01",415,"Monday",TRUE
"53",NA,"2012-10-01",420,"Monday",TRUE
"54",NA,"2012-10-01",425,"Monday",TRUE
"55",NA,"2012-10-01",430,"Monday",TRUE
"56",NA,"2012-10-01",435,"Monday",TRUE
"57",NA,"2012-10-01",440,"Monday",TRUE
"58",NA,"2012-10-01",445,"Monday",TRUE
"59",NA,"2012-10-01",450,"Monday",TRUE
"60",NA,"2012-10-01",455,"Monday",TRUE
"61",NA,"2012-10-01",500,"Monday",TRUE
"62",NA,"2012-10-01",505,"Monday",TRUE
"63",NA,"2012-10-01",510,"Monday",TRUE
"64",NA,"2012-10-01",515,"Monday",TRUE
"65",NA,"2012-10-01",520,"Monday",TRUE
"66",NA,"2012-10-01",525,"Monday",TRUE
"67",NA,"2012-10-01",530,"Monday",TRUE
"68",NA,"2012-10-01",535,"Monday",TRUE
"69",NA,"2012-10-01",540,"Monday",TRUE
"70",NA,"2012-10-01",545,"Monday",TRUE
"71",NA,"2012-10-01",550,"Monday",TRUE
"72",NA,"2012-10-01",555,"Monday",TRUE
"73",NA,"2012-10-01",600,"Monday",TRUE
"74",NA,"2012-10-01",605,"Monday",TRUE
"75",NA,"2012-10-01",610,"Monday",TRUE
"76",NA,"2012-10-01",615,"Monday",TRUE
"77",NA,"2012-10-01",620,"Monday",TRUE
"78",NA,"2012-10-01",625,"Monday",TRUE
"79",NA,"2012-10-01",630,"Monday",TRUE
"80",NA,"2012-10-01",635,"Monday",TRUE
"81",NA,"2012-10-01",640,"Monday",TRUE
"82",NA,"2012-10-01",645,"Monday",TRUE
"83",NA,"2012-10-01",650,"Monday",TRUE
"84",NA,"2012-10-01",655,"Monday",TRUE
"85",NA,"2012-10-01",700,"Monday",TRUE
"86",NA,"2012-10-01",705,"Monday",TRUE
"87",NA,"2012-10-01",710,"Monday",TRUE
"88",NA,"2012-10-01",715,"Monday",TRUE
"89",NA,"2012-10-01",720,"Monday",TRUE
"90",NA,"2012-10-01",725,"Monday",TRUE
"91",NA,"2012-10-01",730,"Monday",TRUE
"92",NA,"2012-10-01",735,"Monday",TRUE
"93",NA,"2012-10-01",740,"Monday",TRUE
"94",NA,"2012-10-01",745,"Monday",TRUE
"95",NA,"2012-10-01",750,"Monday",TRUE
"96",NA,"2012-10-01",755,"Monday",TRUE
"97",NA,"2012-10-01",800,"Monday",TRUE
"98",NA,"2012-10-01",805,"Monday",TRUE
"99",NA,"2012-10-01",810,"Monday",TRUE
"100",NA,"2012-10-01",815,"Monday",TRUE
"101",NA,"2012-10-01",820,"Monday",TRUE
"102",NA,"2012-10-01",825,"Monday",TRUE
"103",NA,"2012-10-01",830,"Monday",TRUE
"104",NA,"2012-10-01",835,"Monday",TRUE
"105",NA,"2012-10-01",840,"Monday",TRUE
"106",NA,"2012-10-01",845,"Monday",TRUE
"107",NA,"2012-10-01",850,"Monday",TRUE
"108",NA,"2012-10-01",855,"Monday",TRUE
"109",NA,"2012-10-01",900,"Monday",TRUE
"110",NA,"2012-10-01",905,"Monday",TRUE
"111",NA,"2012-10-01",910,"Monday",TRUE
"112",NA,"2012-10-01",915,"Monday",TRUE
"113",NA,"2012-10-01",920,"Monday",TRUE
"114",NA,"2012-10-01",925,"Monday",TRUE
"115",NA,"2012-10-01",930,"Monday",TRUE
"116",NA,"2012-10-01",935,"Monday",TRUE
"117",NA,"2012-10-01",940,"Monday",TRUE
"118",NA,"2012-10-01",945,"Monday",TRUE
"119",NA,"2012-10-01",950,"Monday",TRUE
"120",NA,"2012-10-01",955,"Monday",TRUE
"121",NA,"2012-10-01",1000,"Monday",TRUE
"122",NA,"2012-10-01",1005,"Monday",TRUE
"123",NA,"2012-10-01",1010,"Monday",TRUE
"124",NA,"2012-10-01",1015,"Monday",TRUE
"125",NA,"2012-10-01",1020,"Monday",TRUE
"126",NA,"2012-10-01",1025,"Monday",TRUE
"127",NA,"2012-10-01",1030,"Monday",TRUE
"128",NA,"2012-10-01",1035,"Monday",TRUE
"129",NA,"2012-10-01",1040,"Monday",TRUE
"130",NA,"2012-10-01",1045,"Monday",TRUE
"131",NA,"2012-10-01",1050,"Monday",TRUE
"132",NA,"2012-10-01",1055,"Monday",TRUE
"133",NA,"2012-10-01",1100,"Monday",TRUE
"134",NA,"2012-10-01",1105,"Monday",TRUE
"135",NA,"2012-10-01",1110,"Monday",TRUE
"136",NA,"2012-10-01",1115,"Monday",TRUE
"137",NA,"2012-10-01",1120,"Monday",TRUE
"138",NA,"2012-10-01",1125,"Monday",TRUE
"139",NA,"2012-10-01",1130,"Monday",TRUE
"140",NA,"2012-10-01",1135,"Monday",TRUE
"141",NA,"2012-10-01",1140,"Monday",TRUE
"142",NA,"2012-10-01",1145,"Monday",TRUE
"143",NA,"2012-10-01",1150,"Monday",TRUE
"144",NA,"2012-10-01",1155,"Monday",TRUE
"145",NA,"2012-10-01",1200,"Monday",TRUE
"146",NA,"2012-10-01",1205,"Monday",TRUE
"147",NA,"2012-10-01",1210,"Monday",TRUE
"148",NA,"2012-10-01",1215,"Monday",TRUE
"149",NA,"2012-10-01",1220,"Monday",TRUE
"150",NA,"2012-10-01",1225,"Monday",TRUE
"151",NA,"2012-10-01",1230,"Monday",TRUE
"152",NA,"2012-10-01",1235,"Monday",TRUE
"153",NA,"2012-10-01",1240,"Monday",TRUE
"154",NA,"2012-10-01",1245,"Monday",TRUE
"155",NA,"2012-10-01",1250,"Monday",TRUE
"156",NA,"2012-10-01",1255,"Monday",TRUE
"157",NA,"2012-10-01",1300,"Monday",TRUE
"158",NA,"2012-10-01",1305,"Monday",TRUE
"159",NA,"2012-10-01",1310,"Monday",TRUE
"160",NA,"2012-10-01",1315,"Monday",TRUE
"161",NA,"2012-10-01",1320,"Monday",TRUE
"162",NA,"2012-10-01",1325,"Monday",TRUE
"163",NA,"2012-10-01",1330,"Monday",TRUE
"164",NA,"2012-10-01",1335,"Monday",TRUE
"165",NA,"2012-10-01",1340,"Monday",TRUE
"166",NA,"2012-10-01",1345,"Monday",TRUE
"167",NA,"2012-10-01",1350,"Monday",TRUE
"168",NA,"2012-10-01",1355,"Monday",TRUE
"169",NA,"2012-10-01",1400,"Monday",TRUE
"170",NA,"2012-10-01",1405,"Monday",TRUE
"171",NA,"2012-10-01",1410,"Monday",TRUE
"172",NA,"2012-10-01",1415,"Monday",TRUE
"173",NA,"2012-10-01",1420,"Monday",TRUE
"174",NA,"2012-10-01",1425,"Monday",TRUE
"175",NA,"2012-10-01",1430,"Monday",TRUE
"176",NA,"2012-10-01",1435,"Monday",TRUE
"177",NA,"2012-10-01",1440,"Monday",TRUE
"178",NA,"2012-10-01",1445,"Monday",TRUE
"179",NA,"2012-10-01",1450,"Monday",TRUE
"180",NA,"2012-10-01",1455,"Monday",TRUE
"181",NA,"2012-10-01",1500,"Monday",TRUE
"182",NA,"2012-10-01",1505,"Monday",TRUE
"183",NA,"2012-10-01",1510,"Monday",TRUE
"184",NA,"2012-10-01",1515,"Monday",TRUE
"185",NA,"2012-10-01",1520,"Monday",TRUE
"186",NA,"2012-10-01",1525,"Monday",TRUE
"187",NA,"2012-10-01",1530,"Monday",TRUE
"188",NA,"2012-10-01",1535,"Monday",TRUE
"189",NA,"2012-10-01",1540,"Monday",TRUE
"190",NA,"2012-10-01",1545,"Monday",TRUE
"191",NA,"2012-10-01",1550,"Monday",TRUE
"192",NA,"2012-10-01",1555,"Monday",TRUE
"193",NA,"2012-10-01",1600,"Monday",TRUE
"194",NA,"2012-10-01",1605,"Monday",TRUE
"195",NA,"2012-10-01",1610,"Monday",TRUE
"196",NA,"2012-10-01",1615,"Monday",TRUE
"197",NA,"2012-10-01",1620,"Monday",TRUE
"198",NA,"2012-10-01",1625,"Monday",TRUE
"199",NA,"2012-10-01",1630,"Monday",TRUE
"200",NA,"2012-10-01",1635,"Monday",TRUE
"201",NA,"2012-10-01",1640,"Monday",TRUE
"202",NA,"2012-10-01",1645,"Monday",TRUE
"203",NA,"2012-10-01",1650,"Monday",TRUE
"204",NA,"2012-10-01",1655,"Monday",TRUE
"205",NA,"2012-10-01",1700,"Monday",TRUE
"206",NA,"2012-10-01",1705,"Monday",TRUE
"207",NA,"2012-10-01",1710,"Monday",TRUE
"208",NA,"2012-10-01",1715,"Monday",TRUE
"209",NA,"2012-10-01",1720,"Monday",TRUE
"210",NA,"2012-10-01",1725,"Monday",TRUE
"211",NA,"2012-10-01",1730,"Monday",TRUE
"212",NA,"2012-10-01",1735,"Monday",TRUE
"213",NA,"2012-10-01",1740,"Monday",TRUE
"214",NA,"2012-10-01",1745,"Monday",TRUE
"215",NA,"2012-10-01",1750,"Monday",TRUE
"216",NA,"2012-10-01",1755,"Monday",TRUE
"217",NA,"2012-10-01",1800,"Monday",TRUE
"218",NA,"2012-10-01",1805,"Monday",TRUE
"219",NA,"2012-10-01",1810,"Monday",TRUE
"220",NA,"2012-10-01",1815,"Monday",TRUE
"221",NA,"2012-10-01",1820,"Monday",TRUE
"222",NA,"2012-10-01",1825,"Monday",TRUE
"223",NA,"2012-10-01",1830,"Monday",TRUE
"224",NA,"2012-10-01",1835,"Monday",TRUE
"225",NA,"2012-10-01",1840,"Monday",TRUE
"226",NA,"2012-10-01",1845,"Monday",TRUE
"227",NA,"2012-10-01",1850,"Monday",TRUE
"228",NA,"2012-10-01",1855,"Monday",TRUE
"229",NA,"2012-10-01",1900,"Monday",TRUE
"230",NA,"2012-10-01",1905,"Monday",TRUE
"231",NA,"2012-10-01",1910,"Monday",TRUE
"232",NA,"2012-10-01",1915,"Monday",TRUE
"233",NA,"2012-10-01",1920,"Monday",TRUE
"234",NA,"2012-10-01",1925,"Monday",TRUE
"235",NA,"2012-10-01",1930,"Monday",TRUE
"236",NA,"2012-10-01",1935,"Monday",TRUE
"237",NA,"2012-10-01",1940,"Monday",TRUE
"238",NA,"2012-10-01",1945,"Monday",TRUE
"239",NA,"2012-10-01",1950,"Monday",TRUE
"240",NA,"2012-10-01",1955,"Monday",TRUE
"241",NA,"2012-10-01",2000,"Monday",TRUE
"242",NA,"2012-10-01",2005,"Monday",TRUE
"243",NA,"2012-10-01",2010,"Monday",TRUE
"244",NA,"2012-10-01",2015,"Monday",TRUE
"245",NA,"2012-10-01",2020,"Monday",TRUE
"246",NA,"2012-10-01",2025,"Monday",TRUE
"247",NA,"2012-10-01",2030,"Monday",TRUE
"248",NA,"2012-10-01",2035,"Monday",TRUE
"249",NA,"2012-10-01",2040,"Monday",TRUE
"250",NA,"2012-10-01",2045,"Monday",TRUE
"251",NA,"2012-10-01",2050,"Monday",TRUE
"252",NA,"2012-10-01",2055,"Monday",TRUE
"253",NA,"2012-10-01",2100,"Monday",TRUE
"254",NA,"2012-10-01",2105,"Monday",TRUE
"255",NA,"2012-10-01",2110,"Monday",TRUE
"256",NA,"2012-10-01",2115,"Monday",TRUE
"257",NA,"2012-10-01",2120,"Monday",TRUE
"258",NA,"2012-10-01",2125,"Monday",TRUE
"259",NA,"2012-10-01",2130,"Monday",TRUE
"260",NA,"2012-10-01",2135,"Monday",TRUE
"261",NA,"2012-10-01",2140,"Monday",TRUE
"262",NA,"2012-10-01",2145,"Monday",TRUE
"263",NA,"2012-10-01",2150,"Monday",TRUE
"264",NA,"2012-10-01",2155,"Monday",TRUE
"265",NA,"2012-10-01",2200,"Monday",TRUE
"266",NA,"2012-10-01",2205,"Monday",TRUE
"267",NA,"2012-10-01",2210,"Monday",TRUE
"268",NA,"2012-10-01",2215,"Monday",TRUE
"269",NA,"2012-10-01",2220,"Monday",TRUE
"270",NA,"2012-10-01",2225,"Monday",TRUE
"271",NA,"2012-10-01",2230,"Monday",TRUE
"272",NA,"2012-10-01",2235,"Monday",TRUE
"273",NA,"2012-10-01",2240,"Monday",TRUE
"274",NA,"2012-10-01",2245,"Monday",TRUE
"275",NA,"2012-10-01",2250,"Monday",TRUE
"276",NA,"2012-10-01",2255,"Monday",TRUE
"277",NA,"2012-10-01",2300,"Monday",TRUE
"278",NA,"2012-10-01",2305,"Monday",TRUE
"279",NA,"2012-10-01",2310,"Monday",TRUE
"280",NA,"2012-10-01",2315,"Monday",TRUE
"281",NA,"2012-10-01",2320,"Monday",TRUE
"282",NA,"2012-10-01",2325,"Monday",TRUE
"283",NA,"2012-10-01",2330,"Monday",TRUE
"284",NA,"2012-10-01",2335,"Monday",TRUE
"285",NA,"2012-10-01",2340,"Monday",TRUE
"286",NA,"2012-10-01",2345,"Monday",TRUE
"287",NA,"2012-10-01",2350,"Monday",TRUE
"288",NA,"2012-10-01",2355,"Monday",TRUE
"2017",NA,"2012-10-08",0,"Monday",TRUE
"2018",NA,"2012-10-08",5,"Monday",TRUE
"2019",NA,"2012-10-08",10,"Monday",TRUE
"2020",NA,"2012-10-08",15,"Monday",TRUE
"2021",NA,"2012-10-08",20,"Monday",TRUE
"2022",NA,"2012-10-08",25,"Monday",TRUE
"2023",NA,"2012-10-08",30,"Monday",TRUE
"2024",NA,"2012-10-08",35,"Monday",TRUE
"2025",NA,"2012-10-08",40,"Monday",TRUE
"2026",NA,"2012-10-08",45,"Monday",TRUE
"2027",NA,"2012-10-08",50,"Monday",TRUE
"2028",NA,"2012-10-08",55,"Monday",TRUE
"2029",NA,"2012-10-08",100,"Monday",TRUE
"2030",NA,"2012-10-08",105,"Monday",TRUE
"2031",NA,"2012-10-08",110,"Monday",TRUE
"2032",NA,"2012-10-08",115,"Monday",TRUE
"2033",NA,"2012-10-08",120,"Monday",TRUE
"2034",NA,"2012-10-08",125,"Monday",TRUE
"2035",NA,"2012-10-08",130,"Monday",TRUE
"2036",NA,"2012-10-08",135,"Monday",TRUE
"2037",NA,"2012-10-08",140,"Monday",TRUE
"2038",NA,"2012-10-08",145,"Monday",TRUE
"2039",NA,"2012-10-08",150,"Monday",TRUE
"2040",NA,"2012-10-08",155,"Monday",TRUE
"2041",NA,"2012-10-08",200,"Monday",TRUE
"2042",NA,"2012-10-08",205,"Monday",TRUE
"2043",NA,"2012-10-08",210,"Monday",TRUE
"2044",NA,"2012-10-08",215,"Monday",TRUE
"2045",NA,"2012-10-08",220,"Monday",TRUE
"2046",NA,"2012-10-08",225,"Monday",TRUE
"2047",NA,"2012-10-08",230,"Monday",TRUE
"2048",NA,"2012-10-08",235,"Monday",TRUE
"2049",NA,"2012-10-08",240,"Monday",TRUE
"2050",NA,"2012-10-08",245,"Monday",TRUE
"2051",NA,"2012-10-08",250,"Monday",TRUE
"2052",NA,"2012-10-08",255,"Monday",TRUE
"2053",NA,"2012-10-08",300,"Monday",TRUE
"2054",NA,"2012-10-08",305,"Monday",TRUE
"2055",NA,"2012-10-08",310,"Monday",TRUE
"2056",NA,"2012-10-08",315,"Monday",TRUE
"2057",NA,"2012-10-08",320,"Monday",TRUE
"2058",NA,"2012-10-08",325,"Monday",TRUE
"2059",NA,"2012-10-08",330,"Monday",TRUE
"2060",NA,"2012-10-08",335,"Monday",TRUE
"2061",NA,"2012-10-08",340,"Monday",TRUE
"2062",NA,"2012-10-08",345,"Monday",TRUE
"2063",NA,"2012-10-08",350,"Monday",TRUE
"2064",NA,"2012-10-08",355,"Monday",TRUE
"2065",NA,"2012-10-08",400,"Monday",TRUE
"2066",NA,"2012-10-08",405,"Monday",TRUE
"2067",NA,"2012-10-08",410,"Monday",TRUE
"2068",NA,"2012-10-08",415,"Monday",TRUE
"2069",NA,"2012-10-08",420,"Monday",TRUE
"2070",NA,"2012-10-08",425,"Monday",TRUE
"2071",NA,"2012-10-08",430,"Monday",TRUE
"2072",NA,"2012-10-08",435,"Monday",TRUE
"2073",NA,"2012-10-08",440,"Monday",TRUE
"2074",NA,"2012-10-08",445,"Monday",TRUE
"2075",NA,"2012-10-08",450,"Monday",TRUE
"2076",NA,"2012-10-08",455,"Monday",TRUE
"2077",NA,"2012-10-08",500,"Monday",TRUE
"2078",NA,"2012-10-08",505,"Monday",TRUE
"2079",NA,"2012-10-08",510,"Monday",TRUE
"2080",NA,"2012-10-08",515,"Monday",TRUE
"2081",NA,"2012-10-08",520,"Monday",TRUE
"2082",NA,"2012-10-08",525,"Monday",TRUE
"2083",NA,"2012-10-08",530,"Monday",TRUE
"2084",NA,"2012-10-08",535,"Monday",TRUE
"2085",NA,"2012-10-08",540,"Monday",TRUE
"2086",NA,"2012-10-08",545,"Monday",TRUE
"2087",NA,"2012-10-08",550,"Monday",TRUE
"2088",NA,"2012-10-08",555,"Monday",TRUE
"2089",NA,"2012-10-08",600,"Monday",TRUE
"2090",NA,"2012-10-08",605,"Monday",TRUE
"2091",NA,"2012-10-08",610,"Monday",TRUE
"2092",NA,"2012-10-08",615,"Monday",TRUE
"2093",NA,"2012-10-08",620,"Monday",TRUE
"2094",NA,"2012-10-08",625,"Monday",TRUE
"2095",NA,"2012-10-08",630,"Monday",TRUE
"2096",NA,"2012-10-08",635,"Monday",TRUE
"2097",NA,"2012-10-08",640,"Monday",TRUE
"2098",NA,"2012-10-08",645,"Monday",TRUE
"2099",NA,"2012-10-08",650,"Monday",TRUE
"2100",NA,"2012-10-08",655,"Monday",TRUE
"2101",NA,"2012-10-08",700,"Monday",TRUE
"2102",NA,"2012-10-08",705,"Monday",TRUE
"2103",NA,"2012-10-08",710,"Monday",TRUE
"2104",NA,"2012-10-08",715,"Monday",TRUE
"2105",NA,"2012-10-08",720,"Monday",TRUE
"2106",NA,"2012-10-08",725,"Monday",TRUE
"2107",NA,"2012-10-08",730,"Monday",TRUE
"2108",NA,"2012-10-08",735,"Monday",TRUE
"2109",NA,"2012-10-08",740,"Monday",TRUE
"2110",NA,"2012-10-08",745,"Monday",TRUE
"2111",NA,"2012-10-08",750,"Monday",TRUE
"2112",NA,"2012-10-08",755,"Monday",TRUE
"2113",NA,"2012-10-08",800,"Monday",TRUE
"2114",NA,"2012-10-08",805,"Monday",TRUE
"2115",NA,"2012-10-08",810,"Monday",TRUE
"2116",NA,"2012-10-08",815,"Monday",TRUE
"2117",NA,"2012-10-08",820,"Monday",TRUE
"2118",NA,"2012-10-08",825,"Monday",TRUE
"2119",NA,"2012-10-08",830,"Monday",TRUE
"2120",NA,"2012-10-08",835,"Monday",TRUE
"2121",NA,"2012-10-08",840,"Monday",TRUE
"2122",NA,"2012-10-08",845,"Monday",TRUE
"2123",NA,"2012-10-08",850,"Monday",TRUE
"2124",NA,"2012-10-08",855,"Monday",TRUE
"2125",NA,"2012-10-08",900,"Monday",TRUE
"2126",NA,"2012-10-08",905,"Monday",TRUE
"2127",NA,"2012-10-08",910,"Monday",TRUE
"2128",NA,"2012-10-08",915,"Monday",TRUE
"2129",NA,"2012-10-08",920,"Monday",TRUE
"2130",NA,"2012-10-08",925,"Monday",TRUE
"2131",NA,"2012-10-08",930,"Monday",TRUE
"2132",NA,"2012-10-08",935,"Monday",TRUE
"2133",NA,"2012-10-08",940,"Monday",TRUE
"2134",NA,"2012-10-08",945,"Monday",TRUE
"2135",NA,"2012-10-08",950,"Monday",TRUE
"2136",NA,"2012-10-08",955,"Monday",TRUE
"2137",NA,"2012-10-08",1000,"Monday",TRUE
"2138",NA,"2012-10-08",1005,"Monday",TRUE
"2139",NA,"2012-10-08",1010,"Monday",TRUE
"2140",NA,"2012-10-08",1015,"Monday",TRUE
"2141",NA,"2012-10-08",1020,"Monday",TRUE
"2142",NA,"2012-10-08",1025,"Monday",TRUE
"2143",NA,"2012-10-08",1030,"Monday",TRUE
"2144",NA,"2012-10-08",1035,"Monday",TRUE
"2145",NA,"2012-10-08",1040,"Monday",TRUE
"2146",NA,"2012-10-08",1045,"Monday",TRUE
"2147",NA,"2012-10-08",1050,"Monday",TRUE
"2148",NA,"2012-10-08",1055,"Monday",TRUE
"2149",NA,"2012-10-08",1100,"Monday",TRUE
"2150",NA,"2012-10-08",1105,"Monday",TRUE
"2151",NA,"2012-10-08",1110,"Monday",TRUE
"2152",NA,"2012-10-08",1115,"Monday",TRUE
"2153",NA,"2012-10-08",1120,"Monday",TRUE
"2154",NA,"2012-10-08",1125,"Monday",TRUE
"2155",NA,"2012-10-08",1130,"Monday",TRUE
"2156",NA,"2012-10-08",1135,"Monday",TRUE
"2157",NA,"2012-10-08",1140,"Monday",TRUE
"2158",NA,"2012-10-08",1145,"Monday",TRUE
"2159",NA,"2012-10-08",1150,"Monday",TRUE
"2160",NA,"2012-10-08",1155,"Monday",TRUE
"2161",NA,"2012-10-08",1200,"Monday",TRUE
"2162",NA,"2012-10-08",1205,"Monday",TRUE
"2163",NA,"2012-10-08",1210,"Monday",TRUE
"2164",NA,"2012-10-08",1215,"Monday",TRUE
"2165",NA,"2012-10-08",1220,"Monday",TRUE
"2166",NA,"2012-10-08",1225,"Monday",TRUE
"2167",NA,"2012-10-08",1230,"Monday",TRUE
"2168",NA,"2012-10-08",1235,"Monday",TRUE
"2169",NA,"2012-10-08",1240,"Monday",TRUE
"2170",NA,"2012-10-08",1245,"Monday",TRUE
"2171",NA,"2012-10-08",1250,"Monday",TRUE
"2172",NA,"2012-10-08",1255,"Monday",TRUE
"2173",NA,"2012-10-08",1300,"Monday",TRUE
"2174",NA,"2012-10-08",1305,"Monday",TRUE
"2175",NA,"2012-10-08",1310,"Monday",TRUE
"2176",NA,"2012-10-08",1315,"Monday",TRUE
"2177",NA,"2012-10-08",1320,"Monday",TRUE
"2178",NA,"2012-10-08",1325,"Monday",TRUE
"2179",NA,"2012-10-08",1330,"Monday",TRUE
"2180",NA,"2012-10-08",1335,"Monday",TRUE
"2181",NA,"2012-10-08",1340,"Monday",TRUE
"2182",NA,"2012-10-08",1345,"Monday",TRUE
"2183",NA,"2012-10-08",1350,"Monday",TRUE
"2184",NA,"2012-10-08",1355,"Monday",TRUE
"2185",NA,"2012-10-08",1400,"Monday",TRUE
"2186",NA,"2012-10-08",1405,"Monday",TRUE
"2187",NA,"2012-10-08",1410,"Monday",TRUE
"2188",NA,"2012-10-08",1415,"Monday",TRUE
"2189",NA,"2012-10-08",1420,"Monday",TRUE
"2190",NA,"2012-10-08",1425,"Monday",TRUE
"2191",NA,"2012-10-08",1430,"Monday",TRUE
"2192",NA,"2012-10-08",1435,"Monday",TRUE
"2193",NA,"2012-10-08",1440,"Monday",TRUE
"2194",NA,"2012-10-08",1445,"Monday",TRUE
"2195",NA,"2012-10-08",1450,"Monday",TRUE
"2196",NA,"2012-10-08",1455,"Monday",TRUE
"2197",NA,"2012-10-08",1500,"Monday",TRUE
"2198",NA,"2012-10-08",1505,"Monday",TRUE
"2199",NA,"2012-10-08",1510,"Monday",TRUE
"2200",NA,"2012-10-08",1515,"Monday",TRUE
"2201",NA,"2012-10-08",1520,"Monday",TRUE
"2202",NA,"2012-10-08",1525,"Monday",TRUE
"2203",NA,"2012-10-08",1530,"Monday",TRUE
"2204",NA,"2012-10-08",1535,"Monday",TRUE
"2205",NA,"2012-10-08",1540,"Monday",TRUE
"2206",NA,"2012-10-08",1545,"Monday",TRUE
"2207",NA,"2012-10-08",1550,"Monday",TRUE
"2208",NA,"2012-10-08",1555,"Monday",TRUE
"2209",NA,"2012-10-08",1600,"Monday",TRUE
"2210",NA,"2012-10-08",1605,"Monday",TRUE
"2211",NA,"2012-10-08",1610,"Monday",TRUE
"2212",NA,"2012-10-08",1615,"Monday",TRUE
"2213",NA,"2012-10-08",1620,"Monday",TRUE
"2214",NA,"2012-10-08",1625,"Monday",TRUE
"2215",NA,"2012-10-08",1630,"Monday",TRUE
"2216",NA,"2012-10-08",1635,"Monday",TRUE
"2217",NA,"2012-10-08",1640,"Monday",TRUE
"2218",NA,"2012-10-08",1645,"Monday",TRUE
"2219",NA,"2012-10-08",1650,"Monday",TRUE
"2220",NA,"2012-10-08",1655,"Monday",TRUE
"2221",NA,"2012-10-08",1700,"Monday",TRUE
"2222",NA,"2012-10-08",1705,"Monday",TRUE
"2223",NA,"2012-10-08",1710,"Monday",TRUE
"2224",NA,"2012-10-08",1715,"Monday",TRUE
"2225",NA,"2012-10-08",1720,"Monday",TRUE
"2226",NA,"2012-10-08",1725,"Monday",TRUE
"2227",NA,"2012-10-08",1730,"Monday",TRUE
"2228",NA,"2012-10-08",1735,"Monday",TRUE
"2229",NA,"2012-10-08",1740,"Monday",TRUE
"2230",NA,"2012-10-08",1745,"Monday",TRUE
"2231",NA,"2012-10-08",1750,"Monday",TRUE
"2232",NA,"2012-10-08",1755,"Monday",TRUE
"2233",NA,"2012-10-08",1800,"Monday",TRUE
"2234",NA,"2012-10-08",1805,"Monday",TRUE
"2235",NA,"2012-10-08",1810,"Monday",TRUE
"2236",NA,"2012-10-08",1815,"Monday",TRUE
"2237",NA,"2012-10-08",1820,"Monday",TRUE
"2238",NA,"2012-10-08",1825,"Monday",TRUE
"2239",NA,"2012-10-08",1830,"Monday",TRUE
"2240",NA,"2012-10-08",1835,"Monday",TRUE
"2241",NA,"2012-10-08",1840,"Monday",TRUE
"2242",NA,"2012-10-08",1845,"Monday",TRUE
"2243",NA,"2012-10-08",1850,"Monday",TRUE
"2244",NA,"2012-10-08",1855,"Monday",TRUE
"2245",NA,"2012-10-08",1900,"Monday",TRUE
"2246",NA,"2012-10-08",1905,"Monday",TRUE
"2247",NA,"2012-10-08",1910,"Monday",TRUE
"2248",NA,"2012-10-08",1915,"Monday",TRUE
"2249",NA,"2012-10-08",1920,"Monday",TRUE
"2250",NA,"2012-10-08",1925,"Monday",TRUE
"2251",NA,"2012-10-08",1930,"Monday",TRUE
"2252",NA,"2012-10-08",1935,"Monday",TRUE
"2253",NA,"2012-10-08",1940,"Monday",TRUE
"2254",NA,"2012-10-08",1945,"Monday",TRUE
"2255",NA,"2012-10-08",1950,"Monday",TRUE
"2256",NA,"2012-10-08",1955,"Monday",TRUE
"2257",NA,"2012-10-08",2000,"Monday",TRUE
"2258",NA,"2012-10-08",2005,"Monday",TRUE
"2259",NA,"2012-10-08",2010,"Monday",TRUE
"2260",NA,"2012-10-08",2015,"Monday",TRUE
"2261",NA,"2012-10-08",2020,"Monday",TRUE
"2262",NA,"2012-10-08",2025,"Monday",TRUE
"2263",NA,"2012-10-08",2030,"Monday",TRUE
"2264",NA,"2012-10-08",2035,"Monday",TRUE
"2265",NA,"2012-10-08",2040,"Monday",TRUE
"2266",NA,"2012-10-08",2045,"Monday",TRUE
"2267",NA,"2012-10-08",2050,"Monday",TRUE
"2268",NA,"2012-10-08",2055,"Monday",TRUE
"2269",NA,"2012-10-08",2100,"Monday",TRUE
"2270",NA,"2012-10-08",2105,"Monday",TRUE
"2271",NA,"2012-10-08",2110,"Monday",TRUE
"2272",NA,"2012-10-08",2115,"Monday",TRUE
"2273",NA,"2012-10-08",2120,"Monday",TRUE
"2274",NA,"2012-10-08",2125,"Monday",TRUE
"2275",NA,"2012-10-08",2130,"Monday",TRUE
"2276",NA,"2012-10-08",2135,"Monday",TRUE
"2277",NA,"2012-10-08",2140,"Monday",TRUE
"2278",NA,"2012-10-08",2145,"Monday",TRUE
"2279",NA,"2012-10-08",2150,"Monday",TRUE
"2280",NA,"2012-10-08",2155,"Monday",TRUE
"2281",NA,"2012-10-08",2200,"Monday",TRUE
"2282",NA,"2012-10-08",2205,"Monday",TRUE
"2283",NA,"2012-10-08",2210,"Monday",TRUE
"2284",NA,"2012-10-08",2215,"Monday",TRUE
"2285",NA,"2012-10-08",2220,"Monday",TRUE
"2286",NA,"2012-10-08",2225,"Monday",TRUE
"2287",NA,"2012-10-08",2230,"Monday",TRUE
"2288",NA,"2012-10-08",2235,"Monday",TRUE
"2289",NA,"2012-10-08",2240,"Monday",TRUE
"2290",NA,"2012-10-08",2245,"Monday",TRUE
"2291",NA,"2012-10-08",2250,"Monday",TRUE
"2292",NA,"2012-10-08",2255,"Monday",TRUE
"2293",NA,"2012-10-08",2300,"Monday",TRUE
"2294",NA,"2012-10-08",2305,"Monday",TRUE
"2295",NA,"2012-10-08",2310,"Monday",TRUE
"2296",NA,"2012-10-08",2315,"Monday",TRUE
"2297",NA,"2012-10-08",2320,"Monday",TRUE
"2298",NA,"2012-10-08",2325,"Monday",TRUE
"2299",NA,"2012-10-08",2330,"Monday",TRUE
"2300",NA,"2012-10-08",2335,"Monday",TRUE
"2301",NA,"2012-10-08",2340,"Monday",TRUE
"2302",NA,"2012-10-08",2345,"Monday",TRUE
"2303",NA,"2012-10-08",2350,"Monday",TRUE
"2304",NA,"2012-10-08",2355,"Monday",TRUE
"8929",NA,"2012-11-01",0,"Thursday",TRUE
"8930",NA,"2012-11-01",5,"Thursday",TRUE
"8931",NA,"2012-11-01",10,"Thursday",TRUE
"8932",NA,"2012-11-01",15,"Thursday",TRUE
"8933",NA,"2012-11-01",20,"Thursday",TRUE
"8934",NA,"2012-11-01",25,"Thursday",TRUE
"8935",NA,"2012-11-01",30,"Thursday",TRUE
"8936",NA,"2012-11-01",35,"Thursday",TRUE
"8937",NA,"2012-11-01",40,"Thursday",TRUE
"8938",NA,"2012-11-01",45,"Thursday",TRUE
"8939",NA,"2012-11-01",50,"Thursday",TRUE
"8940",NA,"2012-11-01",55,"Thursday",TRUE
"8941",NA,"2012-11-01",100,"Thursday",TRUE
"8942",NA,"2012-11-01",105,"Thursday",TRUE
"8943",NA,"2012-11-01",110,"Thursday",TRUE
"8944",NA,"2012-11-01",115,"Thursday",TRUE
"8945",NA,"2012-11-01",120,"Thursday",TRUE
"8946",NA,"2012-11-01",125,"Thursday",TRUE
"8947",NA,"2012-11-01",130,"Thursday",TRUE
"8948",NA,"2012-11-01",135,"Thursday",TRUE
"8949",NA,"2012-11-01",140,"Thursday",TRUE
"8950",NA,"2012-11-01",145,"Thursday",TRUE
"8951",NA,"2012-11-01",150,"Thursday",TRUE
"8952",NA,"2012-11-01",155,"Thursday",TRUE
"8953",NA,"2012-11-01",200,"Thursday",TRUE
"8954",NA,"2012-11-01",205,"Thursday",TRUE
"8955",NA,"2012-11-01",210,"Thursday",TRUE
"8956",NA,"2012-11-01",215,"Thursday",TRUE
"8957",NA,"2012-11-01",220,"Thursday",TRUE
"8958",NA,"2012-11-01",225,"Thursday",TRUE
"8959",NA,"2012-11-01",230,"Thursday",TRUE
"8960",NA,"2012-11-01",235,"Thursday",TRUE
"8961",NA,"2012-11-01",240,"Thursday",TRUE
"8962",NA,"2012-11-01",245,"Thursday",TRUE
"8963",NA,"2012-11-01",250,"Thursday",TRUE
"8964",NA,"2012-11-01",255,"Thursday",TRUE
"8965",NA,"2012-11-01",300,"Thursday",TRUE
"8966",NA,"2012-11-01",305,"Thursday",TRUE
"8967",NA,"2012-11-01",310,"Thursday",TRUE
"8968",NA,"2012-11-01",315,"Thursday",TRUE
"8969",NA,"2012-11-01",320,"Thursday",TRUE
"8970",NA,"2012-11-01",325,"Thursday",TRUE
"8971",NA,"2012-11-01",330,"Thursday",TRUE
"8972",NA,"2012-11-01",335,"Thursday",TRUE
"8973",NA,"2012-11-01",340,"Thursday",TRUE
"8974",NA,"2012-11-01",345,"Thursday",TRUE
"8975",NA,"2012-11-01",350,"Thursday",TRUE
"8976",NA,"2012-11-01",355,"Thursday",TRUE
"8977",NA,"2012-11-01",400,"Thursday",TRUE
"8978",NA,"2012-11-01",405,"Thursday",TRUE
"8979",NA,"2012-11-01",410,"Thursday",TRUE
"8980",NA,"2012-11-01",415,"Thursday",TRUE
"8981",NA,"2012-11-01",420,"Thursday",TRUE
"8982",NA,"2012-11-01",425,"Thursday",TRUE
"8983",NA,"2012-11-01",430,"Thursday",TRUE
"8984",NA,"2012-11-01",435,"Thursday",TRUE
"8985",NA,"2012-11-01",440,"Thursday",TRUE
"8986",NA,"2012-11-01",445,"Thursday",TRUE
"8987",NA,"2012-11-01",450,"Thursday",TRUE
"8988",NA,"2012-11-01",455,"Thursday",TRUE
"8989",NA,"2012-11-01",500,"Thursday",TRUE
"8990",NA,"2012-11-01",505,"Thursday",TRUE
"8991",NA,"2012-11-01",510,"Thursday",TRUE
"8992",NA,"2012-11-01",515,"Thursday",TRUE
"8993",NA,"2012-11-01",520,"Thursday",TRUE
"8994",NA,"2012-11-01",525,"Thursday",TRUE
"8995",NA,"2012-11-01",530,"Thursday",TRUE
"8996",NA,"2012-11-01",535,"Thursday",TRUE
"8997",NA,"2012-11-01",540,"Thursday",TRUE
"8998",NA,"2012-11-01",545,"Thursday",TRUE
"8999",NA,"2012-11-01",550,"Thursday",TRUE
"9000",NA,"2012-11-01",555,"Thursday",TRUE
"9001",NA,"2012-11-01",600,"Thursday",TRUE
"9002",NA,"2012-11-01",605,"Thursday",TRUE
"9003",NA,"2012-11-01",610,"Thursday",TRUE
"9004",NA,"2012-11-01",615,"Thursday",TRUE
"9005",NA,"2012-11-01",620,"Thursday",TRUE
"9006",NA,"2012-11-01",625,"Thursday",TRUE
"9007",NA,"2012-11-01",630,"Thursday",TRUE
"9008",NA,"2012-11-01",635,"Thursday",TRUE
"9009",NA,"2012-11-01",640,"Thursday",TRUE
"9010",NA,"2012-11-01",645,"Thursday",TRUE
"9011",NA,"2012-11-01",650,"Thursday",TRUE
"9012",NA,"2012-11-01",655,"Thursday",TRUE
"9013",NA,"2012-11-01",700,"Thursday",TRUE
"9014",NA,"2012-11-01",705,"Thursday",TRUE
"9015",NA,"2012-11-01",710,"Thursday",TRUE
"9016",NA,"2012-11-01",715,"Thursday",TRUE
"9017",NA,"2012-11-01",720,"Thursday",TRUE
"9018",NA,"2012-11-01",725,"Thursday",TRUE
"9019",NA,"2012-11-01",730,"Thursday",TRUE
"9020",NA,"2012-11-01",735,"Thursday",TRUE
"9021",NA,"2012-11-01",740,"Thursday",TRUE
"9022",NA,"2012-11-01",745,"Thursday",TRUE
"9023",NA,"2012-11-01",750,"Thursday",TRUE
"9024",NA,"2012-11-01",755,"Thursday",TRUE
"9025",NA,"2012-11-01",800,"Thursday",TRUE
"9026",NA,"2012-11-01",805,"Thursday",TRUE
"9027",NA,"2012-11-01",810,"Thursday",TRUE
"9028",NA,"2012-11-01",815,"Thursday",TRUE
"9029",NA,"2012-11-01",820,"Thursday",TRUE
"9030",NA,"2012-11-01",825,"Thursday",TRUE
"9031",NA,"2012-11-01",830,"Thursday",TRUE
"9032",NA,"2012-11-01",835,"Thursday",TRUE
"9033",NA,"2012-11-01",840,"Thursday",TRUE
"9034",NA,"2012-11-01",845,"Thursday",TRUE
"9035",NA,"2012-11-01",850,"Thursday",TRUE
"9036",NA,"2012-11-01",855,"Thursday",TRUE
"9037",NA,"2012-11-01",900,"Thursday",TRUE
"9038",NA,"2012-11-01",905,"Thursday",TRUE
"9039",NA,"2012-11-01",910,"Thursday",TRUE
"9040",NA,"2012-11-01",915,"Thursday",TRUE
"9041",NA,"2012-11-01",920,"Thursday",TRUE
"9042",NA,"2012-11-01",925,"Thursday",TRUE
"9043",NA,"2012-11-01",930,"Thursday",TRUE
"9044",NA,"2012-11-01",935,"Thursday",TRUE
"9045",NA,"2012-11-01",940,"Thursday",TRUE
"9046",NA,"2012-11-01",945,"Thursday",TRUE
"9047",NA,"2012-11-01",950,"Thursday",TRUE
"9048",NA,"2012-11-01",955,"Thursday",TRUE
"9049",NA,"2012-11-01",1000,"Thursday",TRUE
"9050",NA,"2012-11-01",1005,"Thursday",TRUE
"9051",NA,"2012-11-01",1010,"Thursday",TRUE
"9052",NA,"2012-11-01",1015,"Thursday",TRUE
"9053",NA,"2012-11-01",1020,"Thursday",TRUE
"9054",NA,"2012-11-01",1025,"Thursday",TRUE
"9055",NA,"2012-11-01",1030,"Thursday",TRUE
"9056",NA,"2012-11-01",1035,"Thursday",TRUE
"9057",NA,"2012-11-01",1040,"Thursday",TRUE
"9058",NA,"2012-11-01",1045,"Thursday",TRUE
"9059",NA,"2012-11-01",1050,"Thursday",TRUE
"9060",NA,"2012-11-01",1055,"Thursday",TRUE
"9061",NA,"2012-11-01",1100,"Thursday",TRUE
"9062",NA,"2012-11-01",1105,"Thursday",TRUE
"9063",NA,"2012-11-01",1110,"Thursday",TRUE
"9064",NA,"2012-11-01",1115,"Thursday",TRUE
"9065",NA,"2012-11-01",1120,"Thursday",TRUE
"9066",NA,"2012-11-01",1125,"Thursday",TRUE
"9067",NA,"2012-11-01",1130,"Thursday",TRUE
"9068",NA,"2012-11-01",1135,"Thursday",TRUE
"9069",NA,"2012-11-01",1140,"Thursday",TRUE
"9070",NA,"2012-11-01",1145,"Thursday",TRUE
"9071",NA,"2012-11-01",1150,"Thursday",TRUE
"9072",NA,"2012-11-01",1155,"Thursday",TRUE
"9073",NA,"2012-11-01",1200,"Thursday",TRUE
"9074",NA,"2012-11-01",1205,"Thursday",TRUE
"9075",NA,"2012-11-01",1210,"Thursday",TRUE
"9076",NA,"2012-11-01",1215,"Thursday",TRUE
"9077",NA,"2012-11-01",1220,"Thursday",TRUE
"9078",NA,"2012-11-01",1225,"Thursday",TRUE
"9079",NA,"2012-11-01",1230,"Thursday",TRUE
"9080",NA,"2012-11-01",1235,"Thursday",TRUE
"9081",NA,"2012-11-01",1240,"Thursday",TRUE
"9082",NA,"2012-11-01",1245,"Thursday",TRUE
"9083",NA,"2012-11-01",1250,"Thursday",TRUE
"9084",NA,"2012-11-01",1255,"Thursday",TRUE
"9085",NA,"2012-11-01",1300,"Thursday",TRUE
"9086",NA,"2012-11-01",1305,"Thursday",TRUE
"9087",NA,"2012-11-01",1310,"Thursday",TRUE
"9088",NA,"2012-11-01",1315,"Thursday",TRUE
"9089",NA,"2012-11-01",1320,"Thursday",TRUE
"9090",NA,"2012-11-01",1325,"Thursday",TRUE
"9091",NA,"2012-11-01",1330,"Thursday",TRUE
"9092",NA,"2012-11-01",1335,"Thursday",TRUE
"9093",NA,"2012-11-01",1340,"Thursday",TRUE
"9094",NA,"2012-11-01",1345,"Thursday",TRUE
"9095",NA,"2012-11-01",1350,"Thursday",TRUE
"9096",NA,"2012-11-01",1355,"Thursday",TRUE
"9097",NA,"2012-11-01",1400,"Thursday",TRUE
"9098",NA,"2012-11-01",1405,"Thursday",TRUE
"9099",NA,"2012-11-01",1410,"Thursday",TRUE
"9100",NA,"2012-11-01",1415,"Thursday",TRUE
"9101",NA,"2012-11-01",1420,"Thursday",TRUE
"9102",NA,"2012-11-01",1425,"Thursday",TRUE
"9103",NA,"2012-11-01",1430,"Thursday",TRUE
"9104",NA,"2012-11-01",1435,"Thursday",TRUE
"9105",NA,"2012-11-01",1440,"Thursday",TRUE
"9106",NA,"2012-11-01",1445,"Thursday",TRUE
"9107",NA,"2012-11-01",1450,"Thursday",TRUE
"9108",NA,"2012-11-01",1455,"Thursday",TRUE
"9109",NA,"2012-11-01",1500,"Thursday",TRUE
"9110",NA,"2012-11-01",1505,"Thursday",TRUE
"9111",NA,"2012-11-01",1510,"Thursday",TRUE
"9112",NA,"2012-11-01",1515,"Thursday",TRUE
"9113",NA,"2012-11-01",1520,"Thursday",TRUE
"9114",NA,"2012-11-01",1525,"Thursday",TRUE
"9115",NA,"2012-11-01",1530,"Thursday",TRUE
"9116",NA,"2012-11-01",1535,"Thursday",TRUE
"9117",NA,"2012-11-01",1540,"Thursday",TRUE
"9118",NA,"2012-11-01",1545,"Thursday",TRUE
"9119",NA,"2012-11-01",1550,"Thursday",TRUE
"9120",NA,"2012-11-01",1555,"Thursday",TRUE
"9121",NA,"2012-11-01",1600,"Thursday",TRUE
"9122",NA,"2012-11-01",1605,"Thursday",TRUE
"9123",NA,"2012-11-01",1610,"Thursday",TRUE
"9124",NA,"2012-11-01",1615,"Thursday",TRUE
"9125",NA,"2012-11-01",1620,"Thursday",TRUE
"9126",NA,"2012-11-01",1625,"Thursday",TRUE
"9127",NA,"2012-11-01",1630,"Thursday",TRUE
"9128",NA,"2012-11-01",1635,"Thursday",TRUE
"9129",NA,"2012-11-01",1640,"Thursday",TRUE
"9130",NA,"2012-11-01",1645,"Thursday",TRUE
"9131",NA,"2012-11-01",1650,"Thursday",TRUE
"9132",NA,"2012-11-01",1655,"Thursday",TRUE
"9133",NA,"2012-11-01",1700,"Thursday",TRUE
"9134",NA,"2012-11-01",1705,"Thursday",TRUE
"9135",NA,"2012-11-01",1710,"Thursday",TRUE
"9136",NA,"2012-11-01",1715,"Thursday",TRUE
"9137",NA,"2012-11-01",1720,"Thursday",TRUE
"9138",NA,"2012-11-01",1725,"Thursday",TRUE
"9139",NA,"2012-11-01",1730,"Thursday",TRUE
"9140",NA,"2012-11-01",1735,"Thursday",TRUE
"9141",NA,"2012-11-01",1740,"Thursday",TRUE
"9142",NA,"2012-11-01",1745,"Thursday",TRUE
"9143",NA,"2012-11-01",1750,"Thursday",TRUE
"9144",NA,"2012-11-01",1755,"Thursday",TRUE
"9145",NA,"2012-11-01",1800,"Thursday",TRUE
"9146",NA,"2012-11-01",1805,"Thursday",TRUE
"9147",NA,"2012-11-01",1810,"Thursday",TRUE
"9148",NA,"2012-11-01",1815,"Thursday",TRUE
"9149",NA,"2012-11-01",1820,"Thursday",TRUE
"9150",NA,"2012-11-01",1825,"Thursday",TRUE
"9151",NA,"2012-11-01",1830,"Thursday",TRUE
"9152",NA,"2012-11-01",1835,"Thursday",TRUE
"9153",NA,"2012-11-01",1840,"Thursday",TRUE
"9154",NA,"2012-11-01",1845,"Thursday",TRUE
"9155",NA,"2012-11-01",1850,"Thursday",TRUE
"9156",NA,"2012-11-01",1855,"Thursday",TRUE
"9157",NA,"2012-11-01",1900,"Thursday",TRUE
"9158",NA,"2012-11-01",1905,"Thursday",TRUE
"9159",NA,"2012-11-01",1910,"Thursday",TRUE
"9160",NA,"2012-11-01",1915,"Thursday",TRUE
"9161",NA,"2012-11-01",1920,"Thursday",TRUE
"9162",NA,"2012-11-01",1925,"Thursday",TRUE
"9163",NA,"2012-11-01",1930,"Thursday",TRUE
"9164",NA,"2012-11-01",1935,"Thursday",TRUE
"9165",NA,"2012-11-01",1940,"Thursday",TRUE
"9166",NA,"2012-11-01",1945,"Thursday",TRUE
"9167",NA,"2012-11-01",1950,"Thursday",TRUE
"9168",NA,"2012-11-01",1955,"Thursday",TRUE
"9169",NA,"2012-11-01",2000,"Thursday",TRUE
"9170",NA,"2012-11-01",2005,"Thursday",TRUE
"9171",NA,"2012-11-01",2010,"Thursday",TRUE
"9172",NA,"2012-11-01",2015,"Thursday",TRUE
"9173",NA,"2012-11-01",2020,"Thursday",TRUE
"9174",NA,"2012-11-01",2025,"Thursday",TRUE
"9175",NA,"2012-11-01",2030,"Thursday",TRUE
"9176",NA,"2012-11-01",2035,"Thursday",TRUE
"9177",NA,"2012-11-01",2040,"Thursday",TRUE
"9178",NA,"2012-11-01",2045,"Thursday",TRUE
"9179",NA,"2012-11-01",2050,"Thursday",TRUE
"9180",NA,"2012-11-01",2055,"Thursday",TRUE
"9181",NA,"2012-11-01",2100,"Thursday",TRUE
"9182",NA,"2012-11-01",2105,"Thursday",TRUE
"9183",NA,"2012-11-01",2110,"Thursday",TRUE
"9184",NA,"2012-11-01",2115,"Thursday",TRUE
"9185",NA,"2012-11-01",2120,"Thursday",TRUE
"9186",NA,"2012-11-01",2125,"Thursday",TRUE
"9187",NA,"2012-11-01",2130,"Thursday",TRUE
"9188",NA,"2012-11-01",2135,"Thursday",TRUE
"9189",NA,"2012-11-01",2140,"Thursday",TRUE
"9190",NA,"2012-11-01",2145,"Thursday",TRUE
"9191",NA,"2012-11-01",2150,"Thursday",TRUE
"9192",NA,"2012-11-01",2155,"Thursday",TRUE
"9193",NA,"2012-11-01",2200,"Thursday",TRUE
"9194",NA,"2012-11-01",2205,"Thursday",TRUE
"9195",NA,"2012-11-01",2210,"Thursday",TRUE
"9196",NA,"2012-11-01",2215,"Thursday",TRUE
"9197",NA,"2012-11-01",2220,"Thursday",TRUE
"9198",NA,"2012-11-01",2225,"Thursday",TRUE
"9199",NA,"2012-11-01",2230,"Thursday",TRUE
"9200",NA,"2012-11-01",2235,"Thursday",TRUE
"9201",NA,"2012-11-01",2240,"Thursday",TRUE
"9202",NA,"2012-11-01",2245,"Thursday",TRUE
"9203",NA,"2012-11-01",2250,"Thursday",TRUE
"9204",NA,"2012-11-01",2255,"Thursday",TRUE
"9205",NA,"2012-11-01",2300,"Thursday",TRUE
"9206",NA,"2012-11-01",2305,"Thursday",TRUE
"9207",NA,"2012-11-01",2310,"Thursday",TRUE
"9208",NA,"2012-11-01",2315,"Thursday",TRUE
"9209",NA,"2012-11-01",2320,"Thursday",TRUE
"9210",NA,"2012-11-01",2325,"Thursday",TRUE
"9211",NA,"2012-11-01",2330,"Thursday",TRUE
"9212",NA,"2012-11-01",2335,"Thursday",TRUE
"9213",NA,"2012-11-01",2340,"Thursday",TRUE
"9214",NA,"2012-11-01",2345,"Thursday",TRUE
"9215",NA,"2012-11-01",2350,"Thursday",TRUE
"9216",NA,"2012-11-01",2355,"Thursday",TRUE
"9793",NA,"2012-11-04",0,"Sunday",TRUE
"9794",NA,"2012-11-04",5,"Sunday",TRUE
"9795",NA,"2012-11-04",10,"Sunday",TRUE
"9796",NA,"2012-11-04",15,"Sunday",TRUE
"9797",NA,"2012-11-04",20,"Sunday",TRUE
"9798",NA,"2012-11-04",25,"Sunday",TRUE
"9799",NA,"2012-11-04",30,"Sunday",TRUE
"9800",NA,"2012-11-04",35,"Sunday",TRUE
"9801",NA,"2012-11-04",40,"Sunday",TRUE
"9802",NA,"2012-11-04",45,"Sunday",TRUE
"9803",NA,"2012-11-04",50,"Sunday",TRUE
"9804",NA,"2012-11-04",55,"Sunday",TRUE
"9805",NA,"2012-11-04",100,"Sunday",TRUE
"9806",NA,"2012-11-04",105,"Sunday",TRUE
"9807",NA,"2012-11-04",110,"Sunday",TRUE
"9808",NA,"2012-11-04",115,"Sunday",TRUE
"9809",NA,"2012-11-04",120,"Sunday",TRUE
"9810",NA,"2012-11-04",125,"Sunday",TRUE
"9811",NA,"2012-11-04",130,"Sunday",TRUE
"9812",NA,"2012-11-04",135,"Sunday",TRUE
"9813",NA,"2012-11-04",140,"Sunday",TRUE
"9814",NA,"2012-11-04",145,"Sunday",TRUE
"9815",NA,"2012-11-04",150,"Sunday",TRUE
"9816",NA,"2012-11-04",155,"Sunday",TRUE
"9817",NA,"2012-11-04",200,"Sunday",TRUE
"9818",NA,"2012-11-04",205,"Sunday",TRUE
"9819",NA,"2012-11-04",210,"Sunday",TRUE
"9820",NA,"2012-11-04",215,"Sunday",TRUE
"9821",NA,"2012-11-04",220,"Sunday",TRUE
"9822",NA,"2012-11-04",225,"Sunday",TRUE
"9823",NA,"2012-11-04",230,"Sunday",TRUE
"9824",NA,"2012-11-04",235,"Sunday",TRUE
"9825",NA,"2012-11-04",240,"Sunday",TRUE
"9826",NA,"2012-11-04",245,"Sunday",TRUE
"9827",NA,"2012-11-04",250,"Sunday",TRUE
"9828",NA,"2012-11-04",255,"Sunday",TRUE
"9829",NA,"2012-11-04",300,"Sunday",TRUE
"9830",NA,"2012-11-04",305,"Sunday",TRUE
"9831",NA,"2012-11-04",310,"Sunday",TRUE
"9832",NA,"2012-11-04",315,"Sunday",TRUE
"9833",NA,"2012-11-04",320,"Sunday",TRUE
"9834",NA,"2012-11-04",325,"Sunday",TRUE
"9835",NA,"2012-11-04",330,"Sunday",TRUE
"9836",NA,"2012-11-04",335,"Sunday",TRUE
"9837",NA,"2012-11-04",340,"Sunday",TRUE
"9838",NA,"2012-11-04",345,"Sunday",TRUE
"9839",NA,"2012-11-04",350,"Sunday",TRUE
"9840",NA,"2012-11-04",355,"Sunday",TRUE
"9841",NA,"2012-11-04",400,"Sunday",TRUE
"9842",NA,"2012-11-04",405,"Sunday",TRUE
"9843",NA,"2012-11-04",410,"Sunday",TRUE
"9844",NA,"2012-11-04",415,"Sunday",TRUE
"9845",NA,"2012-11-04",420,"Sunday",TRUE
"9846",NA,"2012-11-04",425,"Sunday",TRUE
"9847",NA,"2012-11-04",430,"Sunday",TRUE
"9848",NA,"2012-11-04",435,"Sunday",TRUE
"9849",NA,"2012-11-04",440,"Sunday",TRUE
"9850",NA,"2012-11-04",445,"Sunday",TRUE
"9851",NA,"2012-11-04",450,"Sunday",TRUE
"9852",NA,"2012-11-04",455,"Sunday",TRUE
"9853",NA,"2012-11-04",500,"Sunday",TRUE
"9854",NA,"2012-11-04",505,"Sunday",TRUE
"9855",NA,"2012-11-04",510,"Sunday",TRUE
"9856",NA,"2012-11-04",515,"Sunday",TRUE
"9857",NA,"2012-11-04",520,"Sunday",TRUE
"9858",NA,"2012-11-04",525,"Sunday",TRUE
"9859",NA,"2012-11-04",530,"Sunday",TRUE
"9860",NA,"2012-11-04",535,"Sunday",TRUE
"9861",NA,"2012-11-04",540,"Sunday",TRUE
"9862",NA,"2012-11-04",545,"Sunday",TRUE
"9863",NA,"2012-11-04",550,"Sunday",TRUE
"9864",NA,"2012-11-04",555,"Sunday",TRUE
"9865",NA,"2012-11-04",600,"Sunday",TRUE
"9866",NA,"2012-11-04",605,"Sunday",TRUE
"9867",NA,"2012-11-04",610,"Sunday",TRUE
"9868",NA,"2012-11-04",615,"Sunday",TRUE
"9869",NA,"2012-11-04",620,"Sunday",TRUE
"9870",NA,"2012-11-04",625,"Sunday",TRUE
"9871",NA,"2012-11-04",630,"Sunday",TRUE
"9872",NA,"2012-11-04",635,"Sunday",TRUE
"9873",NA,"2012-11-04",640,"Sunday",TRUE
"9874",NA,"2012-11-04",645,"Sunday",TRUE
"9875",NA,"2012-11-04",650,"Sunday",TRUE
"9876",NA,"2012-11-04",655,"Sunday",TRUE
"9877",NA,"2012-11-04",700,"Sunday",TRUE
"9878",NA,"2012-11-04",705,"Sunday",TRUE
"9879",NA,"2012-11-04",710,"Sunday",TRUE
"9880",NA,"2012-11-04",715,"Sunday",TRUE
"9881",NA,"2012-11-04",720,"Sunday",TRUE
"9882",NA,"2012-11-04",725,"Sunday",TRUE
"9883",NA,"2012-11-04",730,"Sunday",TRUE
"9884",NA,"2012-11-04",735,"Sunday",TRUE
"9885",NA,"2012-11-04",740,"Sunday",TRUE
"9886",NA,"2012-11-04",745,"Sunday",TRUE
"9887",NA,"2012-11-04",750,"Sunday",TRUE
"9888",NA,"2012-11-04",755,"Sunday",TRUE
"9889",NA,"2012-11-04",800,"Sunday",TRUE
"9890",NA,"2012-11-04",805,"Sunday",TRUE
"9891",NA,"2012-11-04",810,"Sunday",TRUE
"9892",NA,"2012-11-04",815,"Sunday",TRUE
"9893",NA,"2012-11-04",820,"Sunday",TRUE
"9894",NA,"2012-11-04",825,"Sunday",TRUE
"9895",NA,"2012-11-04",830,"Sunday",TRUE
"9896",NA,"2012-11-04",835,"Sunday",TRUE
"9897",NA,"2012-11-04",840,"Sunday",TRUE
"9898",NA,"2012-11-04",845,"Sunday",TRUE
"9899",NA,"2012-11-04",850,"Sunday",TRUE
"9900",NA,"2012-11-04",855,"Sunday",TRUE
"9901",NA,"2012-11-04",900,"Sunday",TRUE
"9902",NA,"2012-11-04",905,"Sunday",TRUE
"9903",NA,"2012-11-04",910,"Sunday",TRUE
"9904",NA,"2012-11-04",915,"Sunday",TRUE
"9905",NA,"2012-11-04",920,"Sunday",TRUE
"9906",NA,"2012-11-04",925,"Sunday",TRUE
"9907",NA,"2012-11-04",930,"Sunday",TRUE
"9908",NA,"2012-11-04",935,"Sunday",TRUE
"9909",NA,"2012-11-04",940,"Sunday",TRUE
"9910",NA,"2012-11-04",945,"Sunday",TRUE
"9911",NA,"2012-11-04",950,"Sunday",TRUE
"9912",NA,"2012-11-04",955,"Sunday",TRUE
"9913",NA,"2012-11-04",1000,"Sunday",TRUE
"9914",NA,"2012-11-04",1005,"Sunday",TRUE
"9915",NA,"2012-11-04",1010,"Sunday",TRUE
"9916",NA,"2012-11-04",1015,"Sunday",TRUE
"9917",NA,"2012-11-04",1020,"Sunday",TRUE
"9918",NA,"2012-11-04",1025,"Sunday",TRUE
"9919",NA,"2012-11-04",1030,"Sunday",TRUE
"9920",NA,"2012-11-04",1035,"Sunday",TRUE
"9921",NA,"2012-11-04",1040,"Sunday",TRUE
"9922",NA,"2012-11-04",1045,"Sunday",TRUE
"9923",NA,"2012-11-04",1050,"Sunday",TRUE
"9924",NA,"2012-11-04",1055,"Sunday",TRUE
"9925",NA,"2012-11-04",1100,"Sunday",TRUE
"9926",NA,"2012-11-04",1105,"Sunday",TRUE
"9927",NA,"2012-11-04",1110,"Sunday",TRUE
"9928",NA,"2012-11-04",1115,"Sunday",TRUE
"9929",NA,"2012-11-04",1120,"Sunday",TRUE
"9930",NA,"2012-11-04",1125,"Sunday",TRUE
"9931",NA,"2012-11-04",1130,"Sunday",TRUE
"9932",NA,"2012-11-04",1135,"Sunday",TRUE
"9933",NA,"2012-11-04",1140,"Sunday",TRUE
"9934",NA,"2012-11-04",1145,"Sunday",TRUE
"9935",NA,"2012-11-04",1150,"Sunday",TRUE
"9936",NA,"2012-11-04",1155,"Sunday",TRUE
"9937",NA,"2012-11-04",1200,"Sunday",TRUE
"9938",NA,"2012-11-04",1205,"Sunday",TRUE
"9939",NA,"2012-11-04",1210,"Sunday",TRUE
"9940",NA,"2012-11-04",1215,"Sunday",TRUE
"9941",NA,"2012-11-04",1220,"Sunday",TRUE
"9942",NA,"2012-11-04",1225,"Sunday",TRUE
"9943",NA,"2012-11-04",1230,"Sunday",TRUE
"9944",NA,"2012-11-04",1235,"Sunday",TRUE
"9945",NA,"2012-11-04",1240,"Sunday",TRUE
"9946",NA,"2012-11-04",1245,"Sunday",TRUE
"9947",NA,"2012-11-04",1250,"Sunday",TRUE
"9948",NA,"2012-11-04",1255,"Sunday",TRUE
"9949",NA,"2012-11-04",1300,"Sunday",TRUE
"9950",NA,"2012-11-04",1305,"Sunday",TRUE
"9951",NA,"2012-11-04",1310,"Sunday",TRUE
"9952",NA,"2012-11-04",1315,"Sunday",TRUE
"9953",NA,"2012-11-04",1320,"Sunday",TRUE
"9954",NA,"2012-11-04",1325,"Sunday",TRUE
"9955",NA,"2012-11-04",1330,"Sunday",TRUE
"9956",NA,"2012-11-04",1335,"Sunday",TRUE
"9957",NA,"2012-11-04",1340,"Sunday",TRUE
"9958",NA,"2012-11-04",1345,"Sunday",TRUE
"9959",NA,"2012-11-04",1350,"Sunday",TRUE
"9960",NA,"2012-11-04",1355,"Sunday",TRUE
"9961",NA,"2012-11-04",1400,"Sunday",TRUE
"9962",NA,"2012-11-04",1405,"Sunday",TRUE
"9963",NA,"2012-11-04",1410,"Sunday",TRUE
"9964",NA,"2012-11-04",1415,"Sunday",TRUE
"9965",NA,"2012-11-04",1420,"Sunday",TRUE
"9966",NA,"2012-11-04",1425,"Sunday",TRUE
"9967",NA,"2012-11-04",1430,"Sunday",TRUE
"9968",NA,"2012-11-04",1435,"Sunday",TRUE
"9969",NA,"2012-11-04",1440,"Sunday",TRUE
"9970",NA,"2012-11-04",1445,"Sunday",TRUE
"9971",NA,"2012-11-04",1450,"Sunday",TRUE
"9972",NA,"2012-11-04",1455,"Sunday",TRUE
"9973",NA,"2012-11-04",1500,"Sunday",TRUE
"9974",NA,"2012-11-04",1505,"Sunday",TRUE
"9975",NA,"2012-11-04",1510,"Sunday",TRUE
"9976",NA,"2012-11-04",1515,"Sunday",TRUE
"9977",NA,"2012-11-04",1520,"Sunday",TRUE
"9978",NA,"2012-11-04",1525,"Sunday",TRUE
"9979",NA,"2012-11-04",1530,"Sunday",TRUE
"9980",NA,"2012-11-04",1535,"Sunday",TRUE
"9981",NA,"2012-11-04",1540,"Sunday",TRUE
"9982",NA,"2012-11-04",1545,"Sunday",TRUE
"9983",NA,"2012-11-04",1550,"Sunday",TRUE
"9984",NA,"2012-11-04",1555,"Sunday",TRUE
"9985",NA,"2012-11-04",1600,"Sunday",TRUE
"9986",NA,"2012-11-04",1605,"Sunday",TRUE
"9987",NA,"2012-11-04",1610,"Sunday",TRUE
"9988",NA,"2012-11-04",1615,"Sunday",TRUE
"9989",NA,"2012-11-04",1620,"Sunday",TRUE
"9990",NA,"2012-11-04",1625,"Sunday",TRUE
"9991",NA,"2012-11-04",1630,"Sunday",TRUE
"9992",NA,"2012-11-04",1635,"Sunday",TRUE
"9993",NA,"2012-11-04",1640,"Sunday",TRUE
"9994",NA,"2012-11-04",1645,"Sunday",TRUE
"9995",NA,"2012-11-04",1650,"Sunday",TRUE
"9996",NA,"2012-11-04",1655,"Sunday",TRUE
"9997",NA,"2012-11-04",1700,"Sunday",TRUE
"9998",NA,"2012-11-04",1705,"Sunday",TRUE
"9999",NA,"2012-11-04",1710,"Sunday",TRUE
"10000",NA,"2012-11-04",1715,"Sunday",TRUE
"10001",NA,"2012-11-04",1720,"Sunday",TRUE
"10002",NA,"2012-11-04",1725,"Sunday",TRUE
"10003",NA,"2012-11-04",1730,"Sunday",TRUE
"10004",NA,"2012-11-04",1735,"Sunday",TRUE
"10005",NA,"2012-11-04",1740,"Sunday",TRUE
"10006",NA,"2012-11-04",1745,"Sunday",TRUE
"10007",NA,"2012-11-04",1750,"Sunday",TRUE
"10008",NA,"2012-11-04",1755,"Sunday",TRUE
"10009",NA,"2012-11-04",1800,"Sunday",TRUE
"10010",NA,"2012-11-04",1805,"Sunday",TRUE
"10011",NA,"2012-11-04",1810,"Sunday",TRUE
"10012",NA,"2012-11-04",1815,"Sunday",TRUE
"10013",NA,"2012-11-04",1820,"Sunday",TRUE
"10014",NA,"2012-11-04",1825,"Sunday",TRUE
"10015",NA,"2012-11-04",1830,"Sunday",TRUE
"10016",NA,"2012-11-04",1835,"Sunday",TRUE
"10017",NA,"2012-11-04",1840,"Sunday",TRUE
"10018",NA,"2012-11-04",1845,"Sunday",TRUE
"10019",NA,"2012-11-04",1850,"Sunday",TRUE
"10020",NA,"2012-11-04",1855,"Sunday",TRUE
"10021",NA,"2012-11-04",1900,"Sunday",TRUE
"10022",NA,"2012-11-04",1905,"Sunday",TRUE
"10023",NA,"2012-11-04",1910,"Sunday",TRUE
"10024",NA,"2012-11-04",1915,"Sunday",TRUE
"10025",NA,"2012-11-04",1920,"Sunday",TRUE
"10026",NA,"2012-11-04",1925,"Sunday",TRUE
"10027",NA,"2012-11-04",1930,"Sunday",TRUE
"10028",NA,"2012-11-04",1935,"Sunday",TRUE
"10029",NA,"2012-11-04",1940,"Sunday",TRUE
"10030",NA,"2012-11-04",1945,"Sunday",TRUE
"10031",NA,"2012-11-04",1950,"Sunday",TRUE
"10032",NA,"2012-11-04",1955,"Sunday",TRUE
"10033",NA,"2012-11-04",2000,"Sunday",TRUE
"10034",NA,"2012-11-04",2005,"Sunday",TRUE
"10035",NA,"2012-11-04",2010,"Sunday",TRUE
"10036",NA,"2012-11-04",2015,"Sunday",TRUE
"10037",NA,"2012-11-04",2020,"Sunday",TRUE
"10038",NA,"2012-11-04",2025,"Sunday",TRUE
"10039",NA,"2012-11-04",2030,"Sunday",TRUE
"10040",NA,"2012-11-04",2035,"Sunday",TRUE
"10041",NA,"2012-11-04",2040,"Sunday",TRUE
"10042",NA,"2012-11-04",2045,"Sunday",TRUE
"10043",NA,"2012-11-04",2050,"Sunday",TRUE
"10044",NA,"2012-11-04",2055,"Sunday",TRUE
"10045",NA,"2012-11-04",2100,"Sunday",TRUE
"10046",NA,"2012-11-04",2105,"Sunday",TRUE
"10047",NA,"2012-11-04",2110,"Sunday",TRUE
"10048",NA,"2012-11-04",2115,"Sunday",TRUE
"10049",NA,"2012-11-04",2120,"Sunday",TRUE
"10050",NA,"2012-11-04",2125,"Sunday",TRUE
"10051",NA,"2012-11-04",2130,"Sunday",TRUE
"10052",NA,"2012-11-04",2135,"Sunday",TRUE
"10053",NA,"2012-11-04",2140,"Sunday",TRUE
"10054",NA,"2012-11-04",2145,"Sunday",TRUE
"10055",NA,"2012-11-04",2150,"Sunday",TRUE
"10056",NA,"2012-11-04",2155,"Sunday",TRUE
"10057",NA,"2012-11-04",2200,"Sunday",TRUE
"10058",NA,"2012-11-04",2205,"Sunday",TRUE
"10059",NA,"2012-11-04",2210,"Sunday",TRUE
"10060",NA,"2012-11-04",2215,"Sunday",TRUE
"10061",NA,"2012-11-04",2220,"Sunday",TRUE
"10062",NA,"2012-11-04",2225,"Sunday",TRUE
"10063",NA,"2012-11-04",2230,"Sunday",TRUE
"10064",NA,"2012-11-04",2235,"Sunday",TRUE
"10065",NA,"2012-11-04",2240,"Sunday",TRUE
"10066",NA,"2012-11-04",2245,"Sunday",TRUE
"10067",NA,"2012-11-04",2250,"Sunday",TRUE
"10068",NA,"2012-11-04",2255,"Sunday",TRUE
"10069",NA,"2012-11-04",2300,"Sunday",TRUE
"10070",NA,"2012-11-04",2305,"Sunday",TRUE
"10071",NA,"2012-11-04",2310,"Sunday",TRUE
"10072",NA,"2012-11-04",2315,"Sunday",TRUE
"10073",NA,"2012-11-04",2320,"Sunday",TRUE
"10074",NA,"2012-11-04",2325,"Sunday",TRUE
"10075",NA,"2012-11-04",2330,"Sunday",TRUE
"10076",NA,"2012-11-04",2335,"Sunday",TRUE
"10077",NA,"2012-11-04",2340,"Sunday",TRUE
"10078",NA,"2012-11-04",2345,"Sunday",TRUE
"10079",NA,"2012-11-04",2350,"Sunday",TRUE
"10080",NA,"2012-11-04",2355,"Sunday",TRUE
"11233",NA,"2012-11-09",0,"Friday",TRUE
"11234",NA,"2012-11-09",5,"Friday",TRUE
"11235",NA,"2012-11-09",10,"Friday",TRUE
"11236",NA,"2012-11-09",15,"Friday",TRUE
"11237",NA,"2012-11-09",20,"Friday",TRUE
"11238",NA,"2012-11-09",25,"Friday",TRUE
"11239",NA,"2012-11-09",30,"Friday",TRUE
"11240",NA,"2012-11-09",35,"Friday",TRUE
"11241",NA,"2012-11-09",40,"Friday",TRUE
"11242",NA,"2012-11-09",45,"Friday",TRUE
"11243",NA,"2012-11-09",50,"Friday",TRUE
"11244",NA,"2012-11-09",55,"Friday",TRUE
"11245",NA,"2012-11-09",100,"Friday",TRUE
"11246",NA,"2012-11-09",105,"Friday",TRUE
"11247",NA,"2012-11-09",110,"Friday",TRUE
"11248",NA,"2012-11-09",115,"Friday",TRUE
"11249",NA,"2012-11-09",120,"Friday",TRUE
"11250",NA,"2012-11-09",125,"Friday",TRUE
"11251",NA,"2012-11-09",130,"Friday",TRUE
"11252",NA,"2012-11-09",135,"Friday",TRUE
"11253",NA,"2012-11-09",140,"Friday",TRUE
"11254",NA,"2012-11-09",145,"Friday",TRUE
"11255",NA,"2012-11-09",150,"Friday",TRUE
"11256",NA,"2012-11-09",155,"Friday",TRUE
"11257",NA,"2012-11-09",200,"Friday",TRUE
"11258",NA,"2012-11-09",205,"Friday",TRUE
"11259",NA,"2012-11-09",210,"Friday",TRUE
"11260",NA,"2012-11-09",215,"Friday",TRUE
"11261",NA,"2012-11-09",220,"Friday",TRUE
"11262",NA,"2012-11-09",225,"Friday",TRUE
"11263",NA,"2012-11-09",230,"Friday",TRUE
"11264",NA,"2012-11-09",235,"Friday",TRUE
"11265",NA,"2012-11-09",240,"Friday",TRUE
"11266",NA,"2012-11-09",245,"Friday",TRUE
"11267",NA,"2012-11-09",250,"Friday",TRUE
"11268",NA,"2012-11-09",255,"Friday",TRUE
"11269",NA,"2012-11-09",300,"Friday",TRUE
"11270",NA,"2012-11-09",305,"Friday",TRUE
"11271",NA,"2012-11-09",310,"Friday",TRUE
"11272",NA,"2012-11-09",315,"Friday",TRUE
"11273",NA,"2012-11-09",320,"Friday",TRUE
"11274",NA,"2012-11-09",325,"Friday",TRUE
"11275",NA,"2012-11-09",330,"Friday",TRUE
"11276",NA,"2012-11-09",335,"Friday",TRUE
"11277",NA,"2012-11-09",340,"Friday",TRUE
"11278",NA,"2012-11-09",345,"Friday",TRUE
"11279",NA,"2012-11-09",350,"Friday",TRUE
"11280",NA,"2012-11-09",355,"Friday",TRUE
"11281",NA,"2012-11-09",400,"Friday",TRUE
"11282",NA,"2012-11-09",405,"Friday",TRUE
"11283",NA,"2012-11-09",410,"Friday",TRUE
"11284",NA,"2012-11-09",415,"Friday",TRUE
"11285",NA,"2012-11-09",420,"Friday",TRUE
"11286",NA,"2012-11-09",425,"Friday",TRUE
"11287",NA,"2012-11-09",430,"Friday",TRUE
"11288",NA,"2012-11-09",435,"Friday",TRUE
"11289",NA,"2012-11-09",440,"Friday",TRUE
"11290",NA,"2012-11-09",445,"Friday",TRUE
"11291",NA,"2012-11-09",450,"Friday",TRUE
"11292",NA,"2012-11-09",455,"Friday",TRUE
"11293",NA,"2012-11-09",500,"Friday",TRUE
"11294",NA,"2012-11-09",505,"Friday",TRUE
"11295",NA,"2012-11-09",510,"Friday",TRUE
"11296",NA,"2012-11-09",515,"Friday",TRUE
"11297",NA,"2012-11-09",520,"Friday",TRUE
"11298",NA,"2012-11-09",525,"Friday",TRUE
"11299",NA,"2012-11-09",530,"Friday",TRUE
"11300",NA,"2012-11-09",535,"Friday",TRUE
"11301",NA,"2012-11-09",540,"Friday",TRUE
"11302",NA,"2012-11-09",545,"Friday",TRUE
"11303",NA,"2012-11-09",550,"Friday",TRUE
"11304",NA,"2012-11-09",555,"Friday",TRUE
"11305",NA,"2012-11-09",600,"Friday",TRUE
"11306",NA,"2012-11-09",605,"Friday",TRUE
"11307",NA,"2012-11-09",610,"Friday",TRUE
"11308",NA,"2012-11-09",615,"Friday",TRUE
"11309",NA,"2012-11-09",620,"Friday",TRUE
"11310",NA,"2012-11-09",625,"Friday",TRUE
"11311",NA,"2012-11-09",630,"Friday",TRUE
"11312",NA,"2012-11-09",635,"Friday",TRUE
"11313",NA,"2012-11-09",640,"Friday",TRUE
"11314",NA,"2012-11-09",645,"Friday",TRUE
"11315",NA,"2012-11-09",650,"Friday",TRUE
"11316",NA,"2012-11-09",655,"Friday",TRUE
"11317",NA,"2012-11-09",700,"Friday",TRUE
"11318",NA,"2012-11-09",705,"Friday",TRUE
"11319",NA,"2012-11-09",710,"Friday",TRUE
"11320",NA,"2012-11-09",715,"Friday",TRUE
"11321",NA,"2012-11-09",720,"Friday",TRUE
"11322",NA,"2012-11-09",725,"Friday",TRUE
"11323",NA,"2012-11-09",730,"Friday",TRUE
"11324",NA,"2012-11-09",735,"Friday",TRUE
"11325",NA,"2012-11-09",740,"Friday",TRUE
"11326",NA,"2012-11-09",745,"Friday",TRUE
"11327",NA,"2012-11-09",750,"Friday",TRUE
"11328",NA,"2012-11-09",755,"Friday",TRUE
"11329",NA,"2012-11-09",800,"Friday",TRUE
"11330",NA,"2012-11-09",805,"Friday",TRUE
"11331",NA,"2012-11-09",810,"Friday",TRUE
"11332",NA,"2012-11-09",815,"Friday",TRUE
"11333",NA,"2012-11-09",820,"Friday",TRUE
"11334",NA,"2012-11-09",825,"Friday",TRUE
"11335",NA,"2012-11-09",830,"Friday",TRUE
"11336",NA,"2012-11-09",835,"Friday",TRUE
"11337",NA,"2012-11-09",840,"Friday",TRUE
"11338",NA,"2012-11-09",845,"Friday",TRUE
"11339",NA,"2012-11-09",850,"Friday",TRUE
"11340",NA,"2012-11-09",855,"Friday",TRUE
"11341",NA,"2012-11-09",900,"Friday",TRUE
"11342",NA,"2012-11-09",905,"Friday",TRUE
"11343",NA,"2012-11-09",910,"Friday",TRUE
"11344",NA,"2012-11-09",915,"Friday",TRUE
"11345",NA,"2012-11-09",920,"Friday",TRUE
"11346",NA,"2012-11-09",925,"Friday",TRUE
"11347",NA,"2012-11-09",930,"Friday",TRUE
"11348",NA,"2012-11-09",935,"Friday",TRUE
"11349",NA,"2012-11-09",940,"Friday",TRUE
"11350",NA,"2012-11-09",945,"Friday",TRUE
"11351",NA,"2012-11-09",950,"Friday",TRUE
"11352",NA,"2012-11-09",955,"Friday",TRUE
"11353",NA,"2012-11-09",1000,"Friday",TRUE
"11354",NA,"2012-11-09",1005,"Friday",TRUE
"11355",NA,"2012-11-09",1010,"Friday",TRUE
"11356",NA,"2012-11-09",1015,"Friday",TRUE
"11357",NA,"2012-11-09",1020,"Friday",TRUE
"11358",NA,"2012-11-09",1025,"Friday",TRUE
"11359",NA,"2012-11-09",1030,"Friday",TRUE
"11360",NA,"2012-11-09",1035,"Friday",TRUE
"11361",NA,"2012-11-09",1040,"Friday",TRUE
"11362",NA,"2012-11-09",1045,"Friday",TRUE
"11363",NA,"2012-11-09",1050,"Friday",TRUE
"11364",NA,"2012-11-09",1055,"Friday",TRUE
"11365",NA,"2012-11-09",1100,"Friday",TRUE
"11366",NA,"2012-11-09",1105,"Friday",TRUE
"11367",NA,"2012-11-09",1110,"Friday",TRUE
"11368",NA,"2012-11-09",1115,"Friday",TRUE
"11369",NA,"2012-11-09",1120,"Friday",TRUE
"11370",NA,"2012-11-09",1125,"Friday",TRUE
"11371",NA,"2012-11-09",1130,"Friday",TRUE
"11372",NA,"2012-11-09",1135,"Friday",TRUE
"11373",NA,"2012-11-09",1140,"Friday",TRUE
"11374",NA,"2012-11-09",1145,"Friday",TRUE
"11375",NA,"2012-11-09",1150,"Friday",TRUE
"11376",NA,"2012-11-09",1155,"Friday",TRUE
"11377",NA,"2012-11-09",1200,"Friday",TRUE
"11378",NA,"2012-11-09",1205,"Friday",TRUE
"11379",NA,"2012-11-09",1210,"Friday",TRUE
"11380",NA,"2012-11-09",1215,"Friday",TRUE
"11381",NA,"2012-11-09",1220,"Friday",TRUE
"11382",NA,"2012-11-09",1225,"Friday",TRUE
"11383",NA,"2012-11-09",1230,"Friday",TRUE
"11384",NA,"2012-11-09",1235,"Friday",TRUE
"11385",NA,"2012-11-09",1240,"Friday",TRUE
"11386",NA,"2012-11-09",1245,"Friday",TRUE
"11387",NA,"2012-11-09",1250,"Friday",TRUE
"11388",NA,"2012-11-09",1255,"Friday",TRUE
"11389",NA,"2012-11-09",1300,"Friday",TRUE
"11390",NA,"2012-11-09",1305,"Friday",TRUE
"11391",NA,"2012-11-09",1310,"Friday",TRUE
"11392",NA,"2012-11-09",1315,"Friday",TRUE
"11393",NA,"2012-11-09",1320,"Friday",TRUE
"11394",NA,"2012-11-09",1325,"Friday",TRUE
"11395",NA,"2012-11-09",1330,"Friday",TRUE
"11396",NA,"2012-11-09",1335,"Friday",TRUE
"11397",NA,"2012-11-09",1340,"Friday",TRUE
"11398",NA,"2012-11-09",1345,"Friday",TRUE
"11399",NA,"2012-11-09",1350,"Friday",TRUE
"11400",NA,"2012-11-09",1355,"Friday",TRUE
"11401",NA,"2012-11-09",1400,"Friday",TRUE
"11402",NA,"2012-11-09",1405,"Friday",TRUE
"11403",NA,"2012-11-09",1410,"Friday",TRUE
"11404",NA,"2012-11-09",1415,"Friday",TRUE
"11405",NA,"2012-11-09",1420,"Friday",TRUE
"11406",NA,"2012-11-09",1425,"Friday",TRUE
"11407",NA,"2012-11-09",1430,"Friday",TRUE
"11408",NA,"2012-11-09",1435,"Friday",TRUE
"11409",NA,"2012-11-09",1440,"Friday",TRUE
"11410",NA,"2012-11-09",1445,"Friday",TRUE
"11411",NA,"2012-11-09",1450,"Friday",TRUE
"11412",NA,"2012-11-09",1455,"Friday",TRUE
"11413",NA,"2012-11-09",1500,"Friday",TRUE
"11414",NA,"2012-11-09",1505,"Friday",TRUE
"11415",NA,"2012-11-09",1510,"Friday",TRUE
"11416",NA,"2012-11-09",1515,"Friday",TRUE
"11417",NA,"2012-11-09",1520,"Friday",TRUE
"11418",NA,"2012-11-09",1525,"Friday",TRUE
"11419",NA,"2012-11-09",1530,"Friday",TRUE
"11420",NA,"2012-11-09",1535,"Friday",TRUE
"11421",NA,"2012-11-09",1540,"Friday",TRUE
"11422",NA,"2012-11-09",1545,"Friday",TRUE
"11423",NA,"2012-11-09",1550,"Friday",TRUE
"11424",NA,"2012-11-09",1555,"Friday",TRUE
"11425",NA,"2012-11-09",1600,"Friday",TRUE
"11426",NA,"2012-11-09",1605,"Friday",TRUE
"11427",NA,"2012-11-09",1610,"Friday",TRUE
"11428",NA,"2012-11-09",1615,"Friday",TRUE
"11429",NA,"2012-11-09",1620,"Friday",TRUE
"11430",NA,"2012-11-09",1625,"Friday",TRUE
"11431",NA,"2012-11-09",1630,"Friday",TRUE
"11432",NA,"2012-11-09",1635,"Friday",TRUE
"11433",NA,"2012-11-09",1640,"Friday",TRUE
"11434",NA,"2012-11-09",1645,"Friday",TRUE
"11435",NA,"2012-11-09",1650,"Friday",TRUE
"11436",NA,"2012-11-09",1655,"Friday",TRUE
"11437",NA,"2012-11-09",1700,"Friday",TRUE
"11438",NA,"2012-11-09",1705,"Friday",TRUE
"11439",NA,"2012-11-09",1710,"Friday",TRUE
"11440",NA,"2012-11-09",1715,"Friday",TRUE
"11441",NA,"2012-11-09",1720,"Friday",TRUE
"11442",NA,"2012-11-09",1725,"Friday",TRUE
"11443",NA,"2012-11-09",1730,"Friday",TRUE
"11444",NA,"2012-11-09",1735,"Friday",TRUE
"11445",NA,"2012-11-09",1740,"Friday",TRUE
"11446",NA,"2012-11-09",1745,"Friday",TRUE
"11447",NA,"2012-11-09",1750,"Friday",TRUE
"11448",NA,"2012-11-09",1755,"Friday",TRUE
"11449",NA,"2012-11-09",1800,"Friday",TRUE
"11450",NA,"2012-11-09",1805,"Friday",TRUE
"11451",NA,"2012-11-09",1810,"Friday",TRUE
"11452",NA,"2012-11-09",1815,"Friday",TRUE
"11453",NA,"2012-11-09",1820,"Friday",TRUE
"11454",NA,"2012-11-09",1825,"Friday",TRUE
"11455",NA,"2012-11-09",1830,"Friday",TRUE
"11456",NA,"2012-11-09",1835,"Friday",TRUE
"11457",NA,"2012-11-09",1840,"Friday",TRUE
"11458",NA,"2012-11-09",1845,"Friday",TRUE
"11459",NA,"2012-11-09",1850,"Friday",TRUE
"11460",NA,"2012-11-09",1855,"Friday",TRUE
"11461",NA,"2012-11-09",1900,"Friday",TRUE
"11462",NA,"2012-11-09",1905,"Friday",TRUE
"11463",NA,"2012-11-09",1910,"Friday",TRUE
"11464",NA,"2012-11-09",1915,"Friday",TRUE
"11465",NA,"2012-11-09",1920,"Friday",TRUE
"11466",NA,"2012-11-09",1925,"Friday",TRUE
"11467",NA,"2012-11-09",1930,"Friday",TRUE
"11468",NA,"2012-11-09",1935,"Friday",TRUE
"11469",NA,"2012-11-09",1940,"Friday",TRUE
"11470",NA,"2012-11-09",1945,"Friday",TRUE
"11471",NA,"2012-11-09",1950,"Friday",TRUE
"11472",NA,"2012-11-09",1955,"Friday",TRUE
"11473",NA,"2012-11-09",2000,"Friday",TRUE
"11474",NA,"2012-11-09",2005,"Friday",TRUE
"11475",NA,"2012-11-09",2010,"Friday",TRUE
"11476",NA,"2012-11-09",2015,"Friday",TRUE
"11477",NA,"2012-11-09",2020,"Friday",TRUE
"11478",NA,"2012-11-09",2025,"Friday",TRUE
"11479",NA,"2012-11-09",2030,"Friday",TRUE
"11480",NA,"2012-11-09",2035,"Friday",TRUE
"11481",NA,"2012-11-09",2040,"Friday",TRUE
"11482",NA,"2012-11-09",2045,"Friday",TRUE
"11483",NA,"2012-11-09",2050,"Friday",TRUE
"11484",NA,"2012-11-09",2055,"Friday",TRUE
"11485",NA,"2012-11-09",2100,"Friday",TRUE
"11486",NA,"2012-11-09",2105,"Friday",TRUE
"11487",NA,"2012-11-09",2110,"Friday",TRUE
"11488",NA,"2012-11-09",2115,"Friday",TRUE
"11489",NA,"2012-11-09",2120,"Friday",TRUE
"11490",NA,"2012-11-09",2125,"Friday",TRUE
"11491",NA,"2012-11-09",2130,"Friday",TRUE
"11492",NA,"2012-11-09",2135,"Friday",TRUE
"11493",NA,"2012-11-09",2140,"Friday",TRUE
"11494",NA,"2012-11-09",2145,"Friday",TRUE
"11495",NA,"2012-11-09",2150,"Friday",TRUE
"11496",NA,"2012-11-09",2155,"Friday",TRUE
"11497",NA,"2012-11-09",2200,"Friday",TRUE
"11498",NA,"2012-11-09",2205,"Friday",TRUE
"11499",NA,"2012-11-09",2210,"Friday",TRUE
"11500",NA,"2012-11-09",2215,"Friday",TRUE
"11501",NA,"2012-11-09",2220,"Friday",TRUE
"11502",NA,"2012-11-09",2225,"Friday",TRUE
"11503",NA,"2012-11-09",2230,"Friday",TRUE
"11504",NA,"2012-11-09",2235,"Friday",TRUE
"11505",NA,"2012-11-09",2240,"Friday",TRUE
"11506",NA,"2012-11-09",2245,"Friday",TRUE
"11507",NA,"2012-11-09",2250,"Friday",TRUE
"11508",NA,"2012-11-09",2255,"Friday",TRUE
"11509",NA,"2012-11-09",2300,"Friday",TRUE
"11510",NA,"2012-11-09",2305,"Friday",TRUE
"11511",NA,"2012-11-09",2310,"Friday",TRUE
"11512",NA,"2012-11-09",2315,"Friday",TRUE
"11513",NA,"2012-11-09",2320,"Friday",TRUE
"11514",NA,"2012-11-09",2325,"Friday",TRUE
"11515",NA,"2012-11-09",2330,"Friday",TRUE
"11516",NA,"2012-11-09",2335,"Friday",TRUE
"11517",NA,"2012-11-09",2340,"Friday",TRUE
"11518",NA,"2012-11-09",2345,"Friday",TRUE
"11519",NA,"2012-11-09",2350,"Friday",TRUE
"11520",NA,"2012-11-09",2355,"Friday",TRUE
"11521",NA,"2012-11-10",0,"Saturday",TRUE
"11522",NA,"2012-11-10",5,"Saturday",TRUE
"11523",NA,"2012-11-10",10,"Saturday",TRUE
"11524",NA,"2012-11-10",15,"Saturday",TRUE
"11525",NA,"2012-11-10",20,"Saturday",TRUE
"11526",NA,"2012-11-10",25,"Saturday",TRUE
"11527",NA,"2012-11-10",30,"Saturday",TRUE
"11528",NA,"2012-11-10",35,"Saturday",TRUE
"11529",NA,"2012-11-10",40,"Saturday",TRUE
"11530",NA,"2012-11-10",45,"Saturday",TRUE
"11531",NA,"2012-11-10",50,"Saturday",TRUE
"11532",NA,"2012-11-10",55,"Saturday",TRUE
"11533",NA,"2012-11-10",100,"Saturday",TRUE
"11534",NA,"2012-11-10",105,"Saturday",TRUE
"11535",NA,"2012-11-10",110,"Saturday",TRUE
"11536",NA,"2012-11-10",115,"Saturday",TRUE
"11537",NA,"2012-11-10",120,"Saturday",TRUE
"11538",NA,"2012-11-10",125,"Saturday",TRUE
"11539",NA,"2012-11-10",130,"Saturday",TRUE
"11540",NA,"2012-11-10",135,"Saturday",TRUE
"11541",NA,"2012-11-10",140,"Saturday",TRUE
"11542",NA,"2012-11-10",145,"Saturday",TRUE
"11543",NA,"2012-11-10",150,"Saturday",TRUE
"11544",NA,"2012-11-10",155,"Saturday",TRUE
"11545",NA,"2012-11-10",200,"Saturday",TRUE
"11546",NA,"2012-11-10",205,"Saturday",TRUE
"11547",NA,"2012-11-10",210,"Saturday",TRUE
"11548",NA,"2012-11-10",215,"Saturday",TRUE
"11549",NA,"2012-11-10",220,"Saturday",TRUE
"11550",NA,"2012-11-10",225,"Saturday",TRUE
"11551",NA,"2012-11-10",230,"Saturday",TRUE
"11552",NA,"2012-11-10",235,"Saturday",TRUE
"11553",NA,"2012-11-10",240,"Saturday",TRUE
"11554",NA,"2012-11-10",245,"Saturday",TRUE
"11555",NA,"2012-11-10",250,"Saturday",TRUE
"11556",NA,"2012-11-10",255,"Saturday",TRUE
"11557",NA,"2012-11-10",300,"Saturday",TRUE
"11558",NA,"2012-11-10",305,"Saturday",TRUE
"11559",NA,"2012-11-10",310,"Saturday",TRUE
"11560",NA,"2012-11-10",315,"Saturday",TRUE
"11561",NA,"2012-11-10",320,"Saturday",TRUE
"11562",NA,"2012-11-10",325,"Saturday",TRUE
"11563",NA,"2012-11-10",330,"Saturday",TRUE
"11564",NA,"2012-11-10",335,"Saturday",TRUE
"11565",NA,"2012-11-10",340,"Saturday",TRUE
"11566",NA,"2012-11-10",345,"Saturday",TRUE
"11567",NA,"2012-11-10",350,"Saturday",TRUE
"11568",NA,"2012-11-10",355,"Saturday",TRUE
"11569",NA,"2012-11-10",400,"Saturday",TRUE
"11570",NA,"2012-11-10",405,"Saturday",TRUE
"11571",NA,"2012-11-10",410,"Saturday",TRUE
"11572",NA,"2012-11-10",415,"Saturday",TRUE
"11573",NA,"2012-11-10",420,"Saturday",TRUE
"11574",NA,"2012-11-10",425,"Saturday",TRUE
"11575",NA,"2012-11-10",430,"Saturday",TRUE
"11576",NA,"2012-11-10",435,"Saturday",TRUE
"11577",NA,"2012-11-10",440,"Saturday",TRUE
"11578",NA,"2012-11-10",445,"Saturday",TRUE
"11579",NA,"2012-11-10",450,"Saturday",TRUE
"11580",NA,"2012-11-10",455,"Saturday",TRUE
"11581",NA,"2012-11-10",500,"Saturday",TRUE
"11582",NA,"2012-11-10",505,"Saturday",TRUE
"11583",NA,"2012-11-10",510,"Saturday",TRUE
"11584",NA,"2012-11-10",515,"Saturday",TRUE
"11585",NA,"2012-11-10",520,"Saturday",TRUE
"11586",NA,"2012-11-10",525,"Saturday",TRUE
"11587",NA,"2012-11-10",530,"Saturday",TRUE
"11588",NA,"2012-11-10",535,"Saturday",TRUE
"11589",NA,"2012-11-10",540,"Saturday",TRUE
"11590",NA,"2012-11-10",545,"Saturday",TRUE
"11591",NA,"2012-11-10",550,"Saturday",TRUE
"11592",NA,"2012-11-10",555,"Saturday",TRUE
"11593",NA,"2012-11-10",600,"Saturday",TRUE
"11594",NA,"2012-11-10",605,"Saturday",TRUE
"11595",NA,"2012-11-10",610,"Saturday",TRUE
"11596",NA,"2012-11-10",615,"Saturday",TRUE
"11597",NA,"2012-11-10",620,"Saturday",TRUE
"11598",NA,"2012-11-10",625,"Saturday",TRUE
"11599",NA,"2012-11-10",630,"Saturday",TRUE
"11600",NA,"2012-11-10",635,"Saturday",TRUE
"11601",NA,"2012-11-10",640,"Saturday",TRUE
"11602",NA,"2012-11-10",645,"Saturday",TRUE
"11603",NA,"2012-11-10",650,"Saturday",TRUE
"11604",NA,"2012-11-10",655,"Saturday",TRUE
"11605",NA,"2012-11-10",700,"Saturday",TRUE
"11606",NA,"2012-11-10",705,"Saturday",TRUE
"11607",NA,"2012-11-10",710,"Saturday",TRUE
"11608",NA,"2012-11-10",715,"Saturday",TRUE
"11609",NA,"2012-11-10",720,"Saturday",TRUE
"11610",NA,"2012-11-10",725,"Saturday",TRUE
"11611",NA,"2012-11-10",730,"Saturday",TRUE
"11612",NA,"2012-11-10",735,"Saturday",TRUE
"11613",NA,"2012-11-10",740,"Saturday",TRUE
"11614",NA,"2012-11-10",745,"Saturday",TRUE
"11615",NA,"2012-11-10",750,"Saturday",TRUE
"11616",NA,"2012-11-10",755,"Saturday",TRUE
"11617",NA,"2012-11-10",800,"Saturday",TRUE
"11618",NA,"2012-11-10",805,"Saturday",TRUE
"11619",NA,"2012-11-10",810,"Saturday",TRUE
"11620",NA,"2012-11-10",815,"Saturday",TRUE
"11621",NA,"2012-11-10",820,"Saturday",TRUE
"11622",NA,"2012-11-10",825,"Saturday",TRUE
"11623",NA,"2012-11-10",830,"Saturday",TRUE
"11624",NA,"2012-11-10",835,"Saturday",TRUE
"11625",NA,"2012-11-10",840,"Saturday",TRUE
"11626",NA,"2012-11-10",845,"Saturday",TRUE
"11627",NA,"2012-11-10",850,"Saturday",TRUE
"11628",NA,"2012-11-10",855,"Saturday",TRUE
"11629",NA,"2012-11-10",900,"Saturday",TRUE
"11630",NA,"2012-11-10",905,"Saturday",TRUE
"11631",NA,"2012-11-10",910,"Saturday",TRUE
"11632",NA,"2012-11-10",915,"Saturday",TRUE
"11633",NA,"2012-11-10",920,"Saturday",TRUE
"11634",NA,"2012-11-10",925,"Saturday",TRUE
"11635",NA,"2012-11-10",930,"Saturday",TRUE
"11636",NA,"2012-11-10",935,"Saturday",TRUE
"11637",NA,"2012-11-10",940,"Saturday",TRUE
"11638",NA,"2012-11-10",945,"Saturday",TRUE
"11639",NA,"2012-11-10",950,"Saturday",TRUE
"11640",NA,"2012-11-10",955,"Saturday",TRUE
"11641",NA,"2012-11-10",1000,"Saturday",TRUE
"11642",NA,"2012-11-10",1005,"Saturday",TRUE
"11643",NA,"2012-11-10",1010,"Saturday",TRUE
"11644",NA,"2012-11-10",1015,"Saturday",TRUE
"11645",NA,"2012-11-10",1020,"Saturday",TRUE
"11646",NA,"2012-11-10",1025,"Saturday",TRUE
"11647",NA,"2012-11-10",1030,"Saturday",TRUE
"11648",NA,"2012-11-10",1035,"Saturday",TRUE
"11649",NA,"2012-11-10",1040,"Saturday",TRUE
"11650",NA,"2012-11-10",1045,"Saturday",TRUE
"11651",NA,"2012-11-10",1050,"Saturday",TRUE
"11652",NA,"2012-11-10",1055,"Saturday",TRUE
"11653",NA,"2012-11-10",1100,"Saturday",TRUE
"11654",NA,"2012-11-10",1105,"Saturday",TRUE
"11655",NA,"2012-11-10",1110,"Saturday",TRUE
"11656",NA,"2012-11-10",1115,"Saturday",TRUE
"11657",NA,"2012-11-10",1120,"Saturday",TRUE
"11658",NA,"2012-11-10",1125,"Saturday",TRUE
"11659",NA,"2012-11-10",1130,"Saturday",TRUE
"11660",NA,"2012-11-10",1135,"Saturday",TRUE
"11661",NA,"2012-11-10",1140,"Saturday",TRUE
"11662",NA,"2012-11-10",1145,"Saturday",TRUE
"11663",NA,"2012-11-10",1150,"Saturday",TRUE
"11664",NA,"2012-11-10",1155,"Saturday",TRUE
"11665",NA,"2012-11-10",1200,"Saturday",TRUE
"11666",NA,"2012-11-10",1205,"Saturday",TRUE
"11667",NA,"2012-11-10",1210,"Saturday",TRUE
"11668",NA,"2012-11-10",1215,"Saturday",TRUE
"11669",NA,"2012-11-10",1220,"Saturday",TRUE
"11670",NA,"2012-11-10",1225,"Saturday",TRUE
"11671",NA,"2012-11-10",1230,"Saturday",TRUE
"11672",NA,"2012-11-10",1235,"Saturday",TRUE
"11673",NA,"2012-11-10",1240,"Saturday",TRUE
"11674",NA,"2012-11-10",1245,"Saturday",TRUE
"11675",NA,"2012-11-10",1250,"Saturday",TRUE
"11676",NA,"2012-11-10",1255,"Saturday",TRUE
"11677",NA,"2012-11-10",1300,"Saturday",TRUE
"11678",NA,"2012-11-10",1305,"Saturday",TRUE
"11679",NA,"2012-11-10",1310,"Saturday",TRUE
"11680",NA,"2012-11-10",1315,"Saturday",TRUE
"11681",NA,"2012-11-10",1320,"Saturday",TRUE
"11682",NA,"2012-11-10",1325,"Saturday",TRUE
"11683",NA,"2012-11-10",1330,"Saturday",TRUE
"11684",NA,"2012-11-10",1335,"Saturday",TRUE
"11685",NA,"2012-11-10",1340,"Saturday",TRUE
"11686",NA,"2012-11-10",1345,"Saturday",TRUE
"11687",NA,"2012-11-10",1350,"Saturday",TRUE
"11688",NA,"2012-11-10",1355,"Saturday",TRUE
"11689",NA,"2012-11-10",1400,"Saturday",TRUE
"11690",NA,"2012-11-10",1405,"Saturday",TRUE
"11691",NA,"2012-11-10",1410,"Saturday",TRUE
"11692",NA,"2012-11-10",1415,"Saturday",TRUE
"11693",NA,"2012-11-10",1420,"Saturday",TRUE
"11694",NA,"2012-11-10",1425,"Saturday",TRUE
"11695",NA,"2012-11-10",1430,"Saturday",TRUE
"11696",NA,"2012-11-10",1435,"Saturday",TRUE
"11697",NA,"2012-11-10",1440,"Saturday",TRUE
"11698",NA,"2012-11-10",1445,"Saturday",TRUE
"11699",NA,"2012-11-10",1450,"Saturday",TRUE
"11700",NA,"2012-11-10",1455,"Saturday",TRUE
"11701",NA,"2012-11-10",1500,"Saturday",TRUE
"11702",NA,"2012-11-10",1505,"Saturday",TRUE
"11703",NA,"2012-11-10",1510,"Saturday",TRUE
"11704",NA,"2012-11-10",1515,"Saturday",TRUE
"11705",NA,"2012-11-10",1520,"Saturday",TRUE
"11706",NA,"2012-11-10",1525,"Saturday",TRUE
"11707",NA,"2012-11-10",1530,"Saturday",TRUE
"11708",NA,"2012-11-10",1535,"Saturday",TRUE
"11709",NA,"2012-11-10",1540,"Saturday",TRUE
"11710",NA,"2012-11-10",1545,"Saturday",TRUE
"11711",NA,"2012-11-10",1550,"Saturday",TRUE
"11712",NA,"2012-11-10",1555,"Saturday",TRUE
"11713",NA,"2012-11-10",1600,"Saturday",TRUE
"11714",NA,"2012-11-10",1605,"Saturday",TRUE
"11715",NA,"2012-11-10",1610,"Saturday",TRUE
"11716",NA,"2012-11-10",1615,"Saturday",TRUE
"11717",NA,"2012-11-10",1620,"Saturday",TRUE
"11718",NA,"2012-11-10",1625,"Saturday",TRUE
"11719",NA,"2012-11-10",1630,"Saturday",TRUE
"11720",NA,"2012-11-10",1635,"Saturday",TRUE
"11721",NA,"2012-11-10",1640,"Saturday",TRUE
"11722",NA,"2012-11-10",1645,"Saturday",TRUE
"11723",NA,"2012-11-10",1650,"Saturday",TRUE
"11724",NA,"2012-11-10",1655,"Saturday",TRUE
"11725",NA,"2012-11-10",1700,"Saturday",TRUE
"11726",NA,"2012-11-10",1705,"Saturday",TRUE
"11727",NA,"2012-11-10",1710,"Saturday",TRUE
"11728",NA,"2012-11-10",1715,"Saturday",TRUE
"11729",NA,"2012-11-10",1720,"Saturday",TRUE
"11730",NA,"2012-11-10",1725,"Saturday",TRUE
"11731",NA,"2012-11-10",1730,"Saturday",TRUE
"11732",NA,"2012-11-10",1735,"Saturday",TRUE
"11733",NA,"2012-11-10",1740,"Saturday",TRUE
"11734",NA,"2012-11-10",1745,"Saturday",TRUE
"11735",NA,"2012-11-10",1750,"Saturday",TRUE
"11736",NA,"2012-11-10",1755,"Saturday",TRUE
"11737",NA,"2012-11-10",1800,"Saturday",TRUE
"11738",NA,"2012-11-10",1805,"Saturday",TRUE
"11739",NA,"2012-11-10",1810,"Saturday",TRUE
"11740",NA,"2012-11-10",1815,"Saturday",TRUE
"11741",NA,"2012-11-10",1820,"Saturday",TRUE
"11742",NA,"2012-11-10",1825,"Saturday",TRUE
"11743",NA,"2012-11-10",1830,"Saturday",TRUE
"11744",NA,"2012-11-10",1835,"Saturday",TRUE
"11745",NA,"2012-11-10",1840,"Saturday",TRUE
"11746",NA,"2012-11-10",1845,"Saturday",TRUE
"11747",NA,"2012-11-10",1850,"Saturday",TRUE
"11748",NA,"2012-11-10",1855,"Saturday",TRUE
"11749",NA,"2012-11-10",1900,"Saturday",TRUE
"11750",NA,"2012-11-10",1905,"Saturday",TRUE
"11751",NA,"2012-11-10",1910,"Saturday",TRUE
"11752",NA,"2012-11-10",1915,"Saturday",TRUE
"11753",NA,"2012-11-10",1920,"Saturday",TRUE
"11754",NA,"2012-11-10",1925,"Saturday",TRUE
"11755",NA,"2012-11-10",1930,"Saturday",TRUE
"11756",NA,"2012-11-10",1935,"Saturday",TRUE
"11757",NA,"2012-11-10",1940,"Saturday",TRUE
"11758",NA,"2012-11-10",1945,"Saturday",TRUE
"11759",NA,"2012-11-10",1950,"Saturday",TRUE
"11760",NA,"2012-11-10",1955,"Saturday",TRUE
"11761",NA,"2012-11-10",2000,"Saturday",TRUE
"11762",NA,"2012-11-10",2005,"Saturday",TRUE
"11763",NA,"2012-11-10",2010,"Saturday",TRUE
"11764",NA,"2012-11-10",2015,"Saturday",TRUE
"11765",NA,"2012-11-10",2020,"Saturday",TRUE
"11766",NA,"2012-11-10",2025,"Saturday",TRUE
"11767",NA,"2012-11-10",2030,"Saturday",TRUE
"11768",NA,"2012-11-10",2035,"Saturday",TRUE
"11769",NA,"2012-11-10",2040,"Saturday",TRUE
"11770",NA,"2012-11-10",2045,"Saturday",TRUE
"11771",NA,"2012-11-10",2050,"Saturday",TRUE
"11772",NA,"2012-11-10",2055,"Saturday",TRUE
"11773",NA,"2012-11-10",2100,"Saturday",TRUE
"11774",NA,"2012-11-10",2105,"Saturday",TRUE
"11775",NA,"2012-11-10",2110,"Saturday",TRUE
"11776",NA,"2012-11-10",2115,"Saturday",TRUE
"11777",NA,"2012-11-10",2120,"Saturday",TRUE
"11778",NA,"2012-11-10",2125,"Saturday",TRUE
"11779",NA,"2012-11-10",2130,"Saturday",TRUE
"11780",NA,"2012-11-10",2135,"Saturday",TRUE
"11781",NA,"2012-11-10",2140,"Saturday",TRUE
"11782",NA,"2012-11-10",2145,"Saturday",TRUE
"11783",NA,"2012-11-10",2150,"Saturday",TRUE
"11784",NA,"2012-11-10",2155,"Saturday",TRUE
"11785",NA,"2012-11-10",2200,"Saturday",TRUE
"11786",NA,"2012-11-10",2205,"Saturday",TRUE
"11787",NA,"2012-11-10",2210,"Saturday",TRUE
"11788",NA,"2012-11-10",2215,"Saturday",TRUE
"11789",NA,"2012-11-10",2220,"Saturday",TRUE
"11790",NA,"2012-11-10",2225,"Saturday",TRUE
"11791",NA,"2012-11-10",2230,"Saturday",TRUE
"11792",NA,"2012-11-10",2235,"Saturday",TRUE
"11793",NA,"2012-11-10",2240,"Saturday",TRUE
"11794",NA,"2012-11-10",2245,"Saturday",TRUE
"11795",NA,"2012-11-10",2250,"Saturday",TRUE
"11796",NA,"2012-11-10",2255,"Saturday",TRUE
"11797",NA,"2012-11-10",2300,"Saturday",TRUE
"11798",NA,"2012-11-10",2305,"Saturday",TRUE
"11799",NA,"2012-11-10",2310,"Saturday",TRUE
"11800",NA,"2012-11-10",2315,"Saturday",TRUE
"11801",NA,"2012-11-10",2320,"Saturday",TRUE
"11802",NA,"2012-11-10",2325,"Saturday",TRUE
"11803",NA,"2012-11-10",2330,"Saturday",TRUE
"11804",NA,"2012-11-10",2335,"Saturday",TRUE
"11805",NA,"2012-11-10",2340,"Saturday",TRUE
"11806",NA,"2012-11-10",2345,"Saturday",TRUE
"11807",NA,"2012-11-10",2350,"Saturday",TRUE
"11808",NA,"2012-11-10",2355,"Saturday",TRUE
"12673",NA,"2012-11-14",0,"Wednesday",TRUE
"12674",NA,"2012-11-14",5,"Wednesday",TRUE
"12675",NA,"2012-11-14",10,"Wednesday",TRUE
"12676",NA,"2012-11-14",15,"Wednesday",TRUE
"12677",NA,"2012-11-14",20,"Wednesday",TRUE
"12678",NA,"2012-11-14",25,"Wednesday",TRUE
"12679",NA,"2012-11-14",30,"Wednesday",TRUE
"12680",NA,"2012-11-14",35,"Wednesday",TRUE
"12681",NA,"2012-11-14",40,"Wednesday",TRUE
"12682",NA,"2012-11-14",45,"Wednesday",TRUE
"12683",NA,"2012-11-14",50,"Wednesday",TRUE
"12684",NA,"2012-11-14",55,"Wednesday",TRUE
"12685",NA,"2012-11-14",100,"Wednesday",TRUE
"12686",NA,"2012-11-14",105,"Wednesday",TRUE
"12687",NA,"2012-11-14",110,"Wednesday",TRUE
"12688",NA,"2012-11-14",115,"Wednesday",TRUE
"12689",NA,"2012-11-14",120,"Wednesday",TRUE
"12690",NA,"2012-11-14",125,"Wednesday",TRUE
"12691",NA,"2012-11-14",130,"Wednesday",TRUE
"12692",NA,"2012-11-14",135,"Wednesday",TRUE
"12693",NA,"2012-11-14",140,"Wednesday",TRUE
"12694",NA,"2012-11-14",145,"Wednesday",TRUE
"12695",NA,"2012-11-14",150,"Wednesday",TRUE
"12696",NA,"2012-11-14",155,"Wednesday",TRUE
"12697",NA,"2012-11-14",200,"Wednesday",TRUE
"12698",NA,"2012-11-14",205,"Wednesday",TRUE
"12699",NA,"2012-11-14",210,"Wednesday",TRUE
"12700",NA,"2012-11-14",215,"Wednesday",TRUE
"12701",NA,"2012-11-14",220,"Wednesday",TRUE
"12702",NA,"2012-11-14",225,"Wednesday",TRUE
"12703",NA,"2012-11-14",230,"Wednesday",TRUE
"12704",NA,"2012-11-14",235,"Wednesday",TRUE
"12705",NA,"2012-11-14",240,"Wednesday",TRUE
"12706",NA,"2012-11-14",245,"Wednesday",TRUE
"12707",NA,"2012-11-14",250,"Wednesday",TRUE
"12708",NA,"2012-11-14",255,"Wednesday",TRUE
"12709",NA,"2012-11-14",300,"Wednesday",TRUE
"12710",NA,"2012-11-14",305,"Wednesday",TRUE
"12711",NA,"2012-11-14",310,"Wednesday",TRUE
"12712",NA,"2012-11-14",315,"Wednesday",TRUE
"12713",NA,"2012-11-14",320,"Wednesday",TRUE
"12714",NA,"2012-11-14",325,"Wednesday",TRUE
"12715",NA,"2012-11-14",330,"Wednesday",TRUE
"12716",NA,"2012-11-14",335,"Wednesday",TRUE
"12717",NA,"2012-11-14",340,"Wednesday",TRUE
"12718",NA,"2012-11-14",345,"Wednesday",TRUE
"12719",NA,"2012-11-14",350,"Wednesday",TRUE
"12720",NA,"2012-11-14",355,"Wednesday",TRUE
"12721",NA,"2012-11-14",400,"Wednesday",TRUE
"12722",NA,"2012-11-14",405,"Wednesday",TRUE
"12723",NA,"2012-11-14",410,"Wednesday",TRUE
"12724",NA,"2012-11-14",415,"Wednesday",TRUE
"12725",NA,"2012-11-14",420,"Wednesday",TRUE
"12726",NA,"2012-11-14",425,"Wednesday",TRUE
"12727",NA,"2012-11-14",430,"Wednesday",TRUE
"12728",NA,"2012-11-14",435,"Wednesday",TRUE
"12729",NA,"2012-11-14",440,"Wednesday",TRUE
"12730",NA,"2012-11-14",445,"Wednesday",TRUE
"12731",NA,"2012-11-14",450,"Wednesday",TRUE
"12732",NA,"2012-11-14",455,"Wednesday",TRUE
"12733",NA,"2012-11-14",500,"Wednesday",TRUE
"12734",NA,"2012-11-14",505,"Wednesday",TRUE
"12735",NA,"2012-11-14",510,"Wednesday",TRUE
"12736",NA,"2012-11-14",515,"Wednesday",TRUE
"12737",NA,"2012-11-14",520,"Wednesday",TRUE
"12738",NA,"2012-11-14",525,"Wednesday",TRUE
"12739",NA,"2012-11-14",530,"Wednesday",TRUE
"12740",NA,"2012-11-14",535,"Wednesday",TRUE
"12741",NA,"2012-11-14",540,"Wednesday",TRUE
"12742",NA,"2012-11-14",545,"Wednesday",TRUE
"12743",NA,"2012-11-14",550,"Wednesday",TRUE
"12744",NA,"2012-11-14",555,"Wednesday",TRUE
"12745",NA,"2012-11-14",600,"Wednesday",TRUE
"12746",NA,"2012-11-14",605,"Wednesday",TRUE
"12747",NA,"2012-11-14",610,"Wednesday",TRUE
"12748",NA,"2012-11-14",615,"Wednesday",TRUE
"12749",NA,"2012-11-14",620,"Wednesday",TRUE
"12750",NA,"2012-11-14",625,"Wednesday",TRUE
"12751",NA,"2012-11-14",630,"Wednesday",TRUE
"12752",NA,"2012-11-14",635,"Wednesday",TRUE
"12753",NA,"2012-11-14",640,"Wednesday",TRUE
"12754",NA,"2012-11-14",645,"Wednesday",TRUE
"12755",NA,"2012-11-14",650,"Wednesday",TRUE
"12756",NA,"2012-11-14",655,"Wednesday",TRUE
"12757",NA,"2012-11-14",700,"Wednesday",TRUE
"12758",NA,"2012-11-14",705,"Wednesday",TRUE
"12759",NA,"2012-11-14",710,"Wednesday",TRUE
"12760",NA,"2012-11-14",715,"Wednesday",TRUE
"12761",NA,"2012-11-14",720,"Wednesday",TRUE
"12762",NA,"2012-11-14",725,"Wednesday",TRUE
"12763",NA,"2012-11-14",730,"Wednesday",TRUE
"12764",NA,"2012-11-14",735,"Wednesday",TRUE
"12765",NA,"2012-11-14",740,"Wednesday",TRUE
"12766",NA,"2012-11-14",745,"Wednesday",TRUE
"12767",NA,"2012-11-14",750,"Wednesday",TRUE
"12768",NA,"2012-11-14",755,"Wednesday",TRUE
"12769",NA,"2012-11-14",800,"Wednesday",TRUE
"12770",NA,"2012-11-14",805,"Wednesday",TRUE
"12771",NA,"2012-11-14",810,"Wednesday",TRUE
"12772",NA,"2012-11-14",815,"Wednesday",TRUE
"12773",NA,"2012-11-14",820,"Wednesday",TRUE
"12774",NA,"2012-11-14",825,"Wednesday",TRUE
"12775",NA,"2012-11-14",830,"Wednesday",TRUE
"12776",NA,"2012-11-14",835,"Wednesday",TRUE
"12777",NA,"2012-11-14",840,"Wednesday",TRUE
"12778",NA,"2012-11-14",845,"Wednesday",TRUE
"12779",NA,"2012-11-14",850,"Wednesday",TRUE
"12780",NA,"2012-11-14",855,"Wednesday",TRUE
"12781",NA,"2012-11-14",900,"Wednesday",TRUE
"12782",NA,"2012-11-14",905,"Wednesday",TRUE
"12783",NA,"2012-11-14",910,"Wednesday",TRUE
"12784",NA,"2012-11-14",915,"Wednesday",TRUE
"12785",NA,"2012-11-14",920,"Wednesday",TRUE
"12786",NA,"2012-11-14",925,"Wednesday",TRUE
"12787",NA,"2012-11-14",930,"Wednesday",TRUE
"12788",NA,"2012-11-14",935,"Wednesday",TRUE
"12789",NA,"2012-11-14",940,"Wednesday",TRUE
"12790",NA,"2012-11-14",945,"Wednesday",TRUE
"12791",NA,"2012-11-14",950,"Wednesday",TRUE
"12792",NA,"2012-11-14",955,"Wednesday",TRUE
"12793",NA,"2012-11-14",1000,"Wednesday",TRUE
"12794",NA,"2012-11-14",1005,"Wednesday",TRUE
"12795",NA,"2012-11-14",1010,"Wednesday",TRUE
"12796",NA,"2012-11-14",1015,"Wednesday",TRUE
"12797",NA,"2012-11-14",1020,"Wednesday",TRUE
"12798",NA,"2012-11-14",1025,"Wednesday",TRUE
"12799",NA,"2012-11-14",1030,"Wednesday",TRUE
"12800",NA,"2012-11-14",1035,"Wednesday",TRUE
"12801",NA,"2012-11-14",1040,"Wednesday",TRUE
"12802",NA,"2012-11-14",1045,"Wednesday",TRUE
"12803",NA,"2012-11-14",1050,"Wednesday",TRUE
"12804",NA,"2012-11-14",1055,"Wednesday",TRUE
"12805",NA,"2012-11-14",1100,"Wednesday",TRUE
"12806",NA,"2012-11-14",1105,"Wednesday",TRUE
"12807",NA,"2012-11-14",1110,"Wednesday",TRUE
"12808",NA,"2012-11-14",1115,"Wednesday",TRUE
"12809",NA,"2012-11-14",1120,"Wednesday",TRUE
"12810",NA,"2012-11-14",1125,"Wednesday",TRUE
"12811",NA,"2012-11-14",1130,"Wednesday",TRUE
"12812",NA,"2012-11-14",1135,"Wednesday",TRUE
"12813",NA,"2012-11-14",1140,"Wednesday",TRUE
"12814",NA,"2012-11-14",1145,"Wednesday",TRUE
"12815",NA,"2012-11-14",1150,"Wednesday",TRUE
"12816",NA,"2012-11-14",1155,"Wednesday",TRUE
"12817",NA,"2012-11-14",1200,"Wednesday",TRUE
"12818",NA,"2012-11-14",1205,"Wednesday",TRUE
"12819",NA,"2012-11-14",1210,"Wednesday",TRUE
"12820",NA,"2012-11-14",1215,"Wednesday",TRUE
"12821",NA,"2012-11-14",1220,"Wednesday",TRUE
"12822",NA,"2012-11-14",1225,"Wednesday",TRUE
"12823",NA,"2012-11-14",1230,"Wednesday",TRUE
"12824",NA,"2012-11-14",1235,"Wednesday",TRUE
"12825",NA,"2012-11-14",1240,"Wednesday",TRUE
"12826",NA,"2012-11-14",1245,"Wednesday",TRUE
"12827",NA,"2012-11-14",1250,"Wednesday",TRUE
"12828",NA,"2012-11-14",1255,"Wednesday",TRUE
"12829",NA,"2012-11-14",1300,"Wednesday",TRUE
"12830",NA,"2012-11-14",1305,"Wednesday",TRUE
"12831",NA,"2012-11-14",1310,"Wednesday",TRUE
"12832",NA,"2012-11-14",1315,"Wednesday",TRUE
"12833",NA,"2012-11-14",1320,"Wednesday",TRUE
"12834",NA,"2012-11-14",1325,"Wednesday",TRUE
"12835",NA,"2012-11-14",1330,"Wednesday",TRUE
"12836",NA,"2012-11-14",1335,"Wednesday",TRUE
"12837",NA,"2012-11-14",1340,"Wednesday",TRUE
"12838",NA,"2012-11-14",1345,"Wednesday",TRUE
"12839",NA,"2012-11-14",1350,"Wednesday",TRUE
"12840",NA,"2012-11-14",1355,"Wednesday",TRUE
"12841",NA,"2012-11-14",1400,"Wednesday",TRUE
"12842",NA,"2012-11-14",1405,"Wednesday",TRUE
"12843",NA,"2012-11-14",1410,"Wednesday",TRUE
"12844",NA,"2012-11-14",1415,"Wednesday",TRUE
"12845",NA,"2012-11-14",1420,"Wednesday",TRUE
"12846",NA,"2012-11-14",1425,"Wednesday",TRUE
"12847",NA,"2012-11-14",1430,"Wednesday",TRUE
"12848",NA,"2012-11-14",1435,"Wednesday",TRUE
"12849",NA,"2012-11-14",1440,"Wednesday",TRUE
"12850",NA,"2012-11-14",1445,"Wednesday",TRUE
"12851",NA,"2012-11-14",1450,"Wednesday",TRUE
"12852",NA,"2012-11-14",1455,"Wednesday",TRUE
"12853",NA,"2012-11-14",1500,"Wednesday",TRUE
"12854",NA,"2012-11-14",1505,"Wednesday",TRUE
"12855",NA,"2012-11-14",1510,"Wednesday",TRUE
"12856",NA,"2012-11-14",1515,"Wednesday",TRUE
"12857",NA,"2012-11-14",1520,"Wednesday",TRUE
"12858",NA,"2012-11-14",1525,"Wednesday",TRUE
"12859",NA,"2012-11-14",1530,"Wednesday",TRUE
"12860",NA,"2012-11-14",1535,"Wednesday",TRUE
"12861",NA,"2012-11-14",1540,"Wednesday",TRUE
"12862",NA,"2012-11-14",1545,"Wednesday",TRUE
"12863",NA,"2012-11-14",1550,"Wednesday",TRUE
"12864",NA,"2012-11-14",1555,"Wednesday",TRUE
"12865",NA,"2012-11-14",1600,"Wednesday",TRUE
"12866",NA,"2012-11-14",1605,"Wednesday",TRUE
"12867",NA,"2012-11-14",1610,"Wednesday",TRUE
"12868",NA,"2012-11-14",1615,"Wednesday",TRUE
"12869",NA,"2012-11-14",1620,"Wednesday",TRUE
"12870",NA,"2012-11-14",1625,"Wednesday",TRUE
"12871",NA,"2012-11-14",1630,"Wednesday",TRUE
"12872",NA,"2012-11-14",1635,"Wednesday",TRUE
"12873",NA,"2012-11-14",1640,"Wednesday",TRUE
"12874",NA,"2012-11-14",1645,"Wednesday",TRUE
"12875",NA,"2012-11-14",1650,"Wednesday",TRUE
"12876",NA,"2012-11-14",1655,"Wednesday",TRUE
"12877",NA,"2012-11-14",1700,"Wednesday",TRUE
"12878",NA,"2012-11-14",1705,"Wednesday",TRUE
"12879",NA,"2012-11-14",1710,"Wednesday",TRUE
"12880",NA,"2012-11-14",1715,"Wednesday",TRUE
"12881",NA,"2012-11-14",1720,"Wednesday",TRUE
"12882",NA,"2012-11-14",1725,"Wednesday",TRUE
"12883",NA,"2012-11-14",1730,"Wednesday",TRUE
"12884",NA,"2012-11-14",1735,"Wednesday",TRUE
"12885",NA,"2012-11-14",1740,"Wednesday",TRUE
"12886",NA,"2012-11-14",1745,"Wednesday",TRUE
"12887",NA,"2012-11-14",1750,"Wednesday",TRUE
"12888",NA,"2012-11-14",1755,"Wednesday",TRUE
"12889",NA,"2012-11-14",1800,"Wednesday",TRUE
"12890",NA,"2012-11-14",1805,"Wednesday",TRUE
"12891",NA,"2012-11-14",1810,"Wednesday",TRUE
"12892",NA,"2012-11-14",1815,"Wednesday",TRUE
"12893",NA,"2012-11-14",1820,"Wednesday",TRUE
"12894",NA,"2012-11-14",1825,"Wednesday",TRUE
"12895",NA,"2012-11-14",1830,"Wednesday",TRUE
"12896",NA,"2012-11-14",1835,"Wednesday",TRUE
"12897",NA,"2012-11-14",1840,"Wednesday",TRUE
"12898",NA,"2012-11-14",1845,"Wednesday",TRUE
"12899",NA,"2012-11-14",1850,"Wednesday",TRUE
"12900",NA,"2012-11-14",1855,"Wednesday",TRUE
"12901",NA,"2012-11-14",1900,"Wednesday",TRUE
"12902",NA,"2012-11-14",1905,"Wednesday",TRUE
"12903",NA,"2012-11-14",1910,"Wednesday",TRUE
"12904",NA,"2012-11-14",1915,"Wednesday",TRUE
"12905",NA,"2012-11-14",1920,"Wednesday",TRUE
"12906",NA,"2012-11-14",1925,"Wednesday",TRUE
"12907",NA,"2012-11-14",1930,"Wednesday",TRUE
"12908",NA,"2012-11-14",1935,"Wednesday",TRUE
"12909",NA,"2012-11-14",1940,"Wednesday",TRUE
"12910",NA,"2012-11-14",1945,"Wednesday",TRUE
"12911",NA,"2012-11-14",1950,"Wednesday",TRUE
"12912",NA,"2012-11-14",1955,"Wednesday",TRUE
"12913",NA,"2012-11-14",2000,"Wednesday",TRUE
"12914",NA,"2012-11-14",2005,"Wednesday",TRUE
"12915",NA,"2012-11-14",2010,"Wednesday",TRUE
"12916",NA,"2012-11-14",2015,"Wednesday",TRUE
"12917",NA,"2012-11-14",2020,"Wednesday",TRUE
"12918",NA,"2012-11-14",2025,"Wednesday",TRUE
"12919",NA,"2012-11-14",2030,"Wednesday",TRUE
"12920",NA,"2012-11-14",2035,"Wednesday",TRUE
"12921",NA,"2012-11-14",2040,"Wednesday",TRUE
"12922",NA,"2012-11-14",2045,"Wednesday",TRUE
"12923",NA,"2012-11-14",2050,"Wednesday",TRUE
"12924",NA,"2012-11-14",2055,"Wednesday",TRUE
"12925",NA,"2012-11-14",2100,"Wednesday",TRUE
"12926",NA,"2012-11-14",2105,"Wednesday",TRUE
"12927",NA,"2012-11-14",2110,"Wednesday",TRUE
"12928",NA,"2012-11-14",2115,"Wednesday",TRUE
"12929",NA,"2012-11-14",2120,"Wednesday",TRUE
"12930",NA,"2012-11-14",2125,"Wednesday",TRUE
"12931",NA,"2012-11-14",2130,"Wednesday",TRUE
"12932",NA,"2012-11-14",2135,"Wednesday",TRUE
"12933",NA,"2012-11-14",2140,"Wednesday",TRUE
"12934",NA,"2012-11-14",2145,"Wednesday",TRUE
"12935",NA,"2012-11-14",2150,"Wednesday",TRUE
"12936",NA,"2012-11-14",2155,"Wednesday",TRUE
"12937",NA,"2012-11-14",2200,"Wednesday",TRUE
"12938",NA,"2012-11-14",2205,"Wednesday",TRUE
"12939",NA,"2012-11-14",2210,"Wednesday",TRUE
"12940",NA,"2012-11-14",2215,"Wednesday",TRUE
"12941",NA,"2012-11-14",2220,"Wednesday",TRUE
"12942",NA,"2012-11-14",2225,"Wednesday",TRUE
"12943",NA,"2012-11-14",2230,"Wednesday",TRUE
"12944",NA,"2012-11-14",2235,"Wednesday",TRUE
"12945",NA,"2012-11-14",2240,"Wednesday",TRUE
"12946",NA,"2012-11-14",2245,"Wednesday",TRUE
"12947",NA,"2012-11-14",2250,"Wednesday",TRUE
"12948",NA,"2012-11-14",2255,"Wednesday",TRUE
"12949",NA,"2012-11-14",2300,"Wednesday",TRUE
"12950",NA,"2012-11-14",2305,"Wednesday",TRUE
"12951",NA,"2012-11-14",2310,"Wednesday",TRUE
"12952",NA,"2012-11-14",2315,"Wednesday",TRUE
"12953",NA,"2012-11-14",2320,"Wednesday",TRUE
"12954",NA,"2012-11-14",2325,"Wednesday",TRUE
"12955",NA,"2012-11-14",2330,"Wednesday",TRUE
"12956",NA,"2012-11-14",2335,"Wednesday",TRUE
"12957",NA,"2012-11-14",2340,"Wednesday",TRUE
"12958",NA,"2012-11-14",2345,"Wednesday",TRUE
"12959",NA,"2012-11-14",2350,"Wednesday",TRUE
"12960",NA,"2012-11-14",2355,"Wednesday",TRUE
"17281",NA,"2012-11-30",0,"Friday",TRUE
"17282",NA,"2012-11-30",5,"Friday",TRUE
"17283",NA,"2012-11-30",10,"Friday",TRUE
"17284",NA,"2012-11-30",15,"Friday",TRUE
"17285",NA,"2012-11-30",20,"Friday",TRUE
"17286",NA,"2012-11-30",25,"Friday",TRUE
"17287",NA,"2012-11-30",30,"Friday",TRUE
"17288",NA,"2012-11-30",35,"Friday",TRUE
"17289",NA,"2012-11-30",40,"Friday",TRUE
"17290",NA,"2012-11-30",45,"Friday",TRUE
"17291",NA,"2012-11-30",50,"Friday",TRUE
"17292",NA,"2012-11-30",55,"Friday",TRUE
"17293",NA,"2012-11-30",100,"Friday",TRUE
"17294",NA,"2012-11-30",105,"Friday",TRUE
"17295",NA,"2012-11-30",110,"Friday",TRUE
"17296",NA,"2012-11-30",115,"Friday",TRUE
"17297",NA,"2012-11-30",120,"Friday",TRUE
"17298",NA,"2012-11-30",125,"Friday",TRUE
"17299",NA,"2012-11-30",130,"Friday",TRUE
"17300",NA,"2012-11-30",135,"Friday",TRUE
"17301",NA,"2012-11-30",140,"Friday",TRUE
"17302",NA,"2012-11-30",145,"Friday",TRUE
"17303",NA,"2012-11-30",150,"Friday",TRUE
"17304",NA,"2012-11-30",155,"Friday",TRUE
"17305",NA,"2012-11-30",200,"Friday",TRUE
"17306",NA,"2012-11-30",205,"Friday",TRUE
"17307",NA,"2012-11-30",210,"Friday",TRUE
"17308",NA,"2012-11-30",215,"Friday",TRUE
"17309",NA,"2012-11-30",220,"Friday",TRUE
"17310",NA,"2012-11-30",225,"Friday",TRUE
"17311",NA,"2012-11-30",230,"Friday",TRUE
"17312",NA,"2012-11-30",235,"Friday",TRUE
"17313",NA,"2012-11-30",240,"Friday",TRUE
"17314",NA,"2012-11-30",245,"Friday",TRUE
"17315",NA,"2012-11-30",250,"Friday",TRUE
"17316",NA,"2012-11-30",255,"Friday",TRUE
"17317",NA,"2012-11-30",300,"Friday",TRUE
"17318",NA,"2012-11-30",305,"Friday",TRUE
"17319",NA,"2012-11-30",310,"Friday",TRUE
"17320",NA,"2012-11-30",315,"Friday",TRUE
"17321",NA,"2012-11-30",320,"Friday",TRUE
"17322",NA,"2012-11-30",325,"Friday",TRUE
"17323",NA,"2012-11-30",330,"Friday",TRUE
"17324",NA,"2012-11-30",335,"Friday",TRUE
"17325",NA,"2012-11-30",340,"Friday",TRUE
"17326",NA,"2012-11-30",345,"Friday",TRUE
"17327",NA,"2012-11-30",350,"Friday",TRUE
"17328",NA,"2012-11-30",355,"Friday",TRUE
"17329",NA,"2012-11-30",400,"Friday",TRUE
"17330",NA,"2012-11-30",405,"Friday",TRUE
"17331",NA,"2012-11-30",410,"Friday",TRUE
"17332",NA,"2012-11-30",415,"Friday",TRUE
"17333",NA,"2012-11-30",420,"Friday",TRUE
"17334",NA,"2012-11-30",425,"Friday",TRUE
"17335",NA,"2012-11-30",430,"Friday",TRUE
"17336",NA,"2012-11-30",435,"Friday",TRUE
"17337",NA,"2012-11-30",440,"Friday",TRUE
"17338",NA,"2012-11-30",445,"Friday",TRUE
"17339",NA,"2012-11-30",450,"Friday",TRUE
"17340",NA,"2012-11-30",455,"Friday",TRUE
"17341",NA,"2012-11-30",500,"Friday",TRUE
"17342",NA,"2012-11-30",505,"Friday",TRUE
"17343",NA,"2012-11-30",510,"Friday",TRUE
"17344",NA,"2012-11-30",515,"Friday",TRUE
"17345",NA,"2012-11-30",520,"Friday",TRUE
"17346",NA,"2012-11-30",525,"Friday",TRUE
"17347",NA,"2012-11-30",530,"Friday",TRUE
"17348",NA,"2012-11-30",535,"Friday",TRUE
"17349",NA,"2012-11-30",540,"Friday",TRUE
"17350",NA,"2012-11-30",545,"Friday",TRUE
"17351",NA,"2012-11-30",550,"Friday",TRUE
"17352",NA,"2012-11-30",555,"Friday",TRUE
"17353",NA,"2012-11-30",600,"Friday",TRUE
"17354",NA,"2012-11-30",605,"Friday",TRUE
"17355",NA,"2012-11-30",610,"Friday",TRUE
"17356",NA,"2012-11-30",615,"Friday",TRUE
"17357",NA,"2012-11-30",620,"Friday",TRUE
"17358",NA,"2012-11-30",625,"Friday",TRUE
"17359",NA,"2012-11-30",630,"Friday",TRUE
"17360",NA,"2012-11-30",635,"Friday",TRUE
"17361",NA,"2012-11-30",640,"Friday",TRUE
"17362",NA,"2012-11-30",645,"Friday",TRUE
"17363",NA,"2012-11-30",650,"Friday",TRUE
"17364",NA,"2012-11-30",655,"Friday",TRUE
"17365",NA,"2012-11-30",700,"Friday",TRUE
"17366",NA,"2012-11-30",705,"Friday",TRUE
"17367",NA,"2012-11-30",710,"Friday",TRUE
"17368",NA,"2012-11-30",715,"Friday",TRUE
"17369",NA,"2012-11-30",720,"Friday",TRUE
"17370",NA,"2012-11-30",725,"Friday",TRUE
"17371",NA,"2012-11-30",730,"Friday",TRUE
"17372",NA,"2012-11-30",735,"Friday",TRUE
"17373",NA,"2012-11-30",740,"Friday",TRUE
"17374",NA,"2012-11-30",745,"Friday",TRUE
"17375",NA,"2012-11-30",750,"Friday",TRUE
"17376",NA,"2012-11-30",755,"Friday",TRUE
"17377",NA,"2012-11-30",800,"Friday",TRUE
"17378",NA,"2012-11-30",805,"Friday",TRUE
"17379",NA,"2012-11-30",810,"Friday",TRUE
"17380",NA,"2012-11-30",815,"Friday",TRUE
"17381",NA,"2012-11-30",820,"Friday",TRUE
"17382",NA,"2012-11-30",825,"Friday",TRUE
"17383",NA,"2012-11-30",830,"Friday",TRUE
"17384",NA,"2012-11-30",835,"Friday",TRUE
"17385",NA,"2012-11-30",840,"Friday",TRUE
"17386",NA,"2012-11-30",845,"Friday",TRUE
"17387",NA,"2012-11-30",850,"Friday",TRUE
"17388",NA,"2012-11-30",855,"Friday",TRUE
"17389",NA,"2012-11-30",900,"Friday",TRUE
"17390",NA,"2012-11-30",905,"Friday",TRUE
"17391",NA,"2012-11-30",910,"Friday",TRUE
"17392",NA,"2012-11-30",915,"Friday",TRUE
"17393",NA,"2012-11-30",920,"Friday",TRUE
"17394",NA,"2012-11-30",925,"Friday",TRUE
"17395",NA,"2012-11-30",930,"Friday",TRUE
"17396",NA,"2012-11-30",935,"Friday",TRUE
"17397",NA,"2012-11-30",940,"Friday",TRUE
"17398",NA,"2012-11-30",945,"Friday",TRUE
"17399",NA,"2012-11-30",950,"Friday",TRUE
"17400",NA,"2012-11-30",955,"Friday",TRUE
"17401",NA,"2012-11-30",1000,"Friday",TRUE
"17402",NA,"2012-11-30",1005,"Friday",TRUE
"17403",NA,"2012-11-30",1010,"Friday",TRUE
"17404",NA,"2012-11-30",1015,"Friday",TRUE
"17405",NA,"2012-11-30",1020,"Friday",TRUE
"17406",NA,"2012-11-30",1025,"Friday",TRUE
"17407",NA,"2012-11-30",1030,"Friday",TRUE
"17408",NA,"2012-11-30",1035,"Friday",TRUE
"17409",NA,"2012-11-30",1040,"Friday",TRUE
"17410",NA,"2012-11-30",1045,"Friday",TRUE
"17411",NA,"2012-11-30",1050,"Friday",TRUE
"17412",NA,"2012-11-30",1055,"Friday",TRUE
"17413",NA,"2012-11-30",1100,"Friday",TRUE
"17414",NA,"2012-11-30",1105,"Friday",TRUE
"17415",NA,"2012-11-30",1110,"Friday",TRUE
"17416",NA,"2012-11-30",1115,"Friday",TRUE
"17417",NA,"2012-11-30",1120,"Friday",TRUE
"17418",NA,"2012-11-30",1125,"Friday",TRUE
"17419",NA,"2012-11-30",1130,"Friday",TRUE
"17420",NA,"2012-11-30",1135,"Friday",TRUE
"17421",NA,"2012-11-30",1140,"Friday",TRUE
"17422",NA,"2012-11-30",1145,"Friday",TRUE
"17423",NA,"2012-11-30",1150,"Friday",TRUE
"17424",NA,"2012-11-30",1155,"Friday",TRUE
"17425",NA,"2012-11-30",1200,"Friday",TRUE
"17426",NA,"2012-11-30",1205,"Friday",TRUE
"17427",NA,"2012-11-30",1210,"Friday",TRUE
"17428",NA,"2012-11-30",1215,"Friday",TRUE
"17429",NA,"2012-11-30",1220,"Friday",TRUE
"17430",NA,"2012-11-30",1225,"Friday",TRUE
"17431",NA,"2012-11-30",1230,"Friday",TRUE
"17432",NA,"2012-11-30",1235,"Friday",TRUE
"17433",NA,"2012-11-30",1240,"Friday",TRUE
"17434",NA,"2012-11-30",1245,"Friday",TRUE
"17435",NA,"2012-11-30",1250,"Friday",TRUE
"17436",NA,"2012-11-30",1255,"Friday",TRUE
"17437",NA,"2012-11-30",1300,"Friday",TRUE
"17438",NA,"2012-11-30",1305,"Friday",TRUE
"17439",NA,"2012-11-30",1310,"Friday",TRUE
"17440",NA,"2012-11-30",1315,"Friday",TRUE
"17441",NA,"2012-11-30",1320,"Friday",TRUE
"17442",NA,"2012-11-30",1325,"Friday",TRUE
"17443",NA,"2012-11-30",1330,"Friday",TRUE
"17444",NA,"2012-11-30",1335,"Friday",TRUE
"17445",NA,"2012-11-30",1340,"Friday",TRUE
"17446",NA,"2012-11-30",1345,"Friday",TRUE
"17447",NA,"2012-11-30",1350,"Friday",TRUE
"17448",NA,"2012-11-30",1355,"Friday",TRUE
"17449",NA,"2012-11-30",1400,"Friday",TRUE
"17450",NA,"2012-11-30",1405,"Friday",TRUE
"17451",NA,"2012-11-30",1410,"Friday",TRUE
"17452",NA,"2012-11-30",1415,"Friday",TRUE
"17453",NA,"2012-11-30",1420,"Friday",TRUE
"17454",NA,"2012-11-30",1425,"Friday",TRUE
"17455",NA,"2012-11-30",1430,"Friday",TRUE
"17456",NA,"2012-11-30",1435,"Friday",TRUE
"17457",NA,"2012-11-30",1440,"Friday",TRUE
"17458",NA,"2012-11-30",1445,"Friday",TRUE
"17459",NA,"2012-11-30",1450,"Friday",TRUE
"17460",NA,"2012-11-30",1455,"Friday",TRUE
"17461",NA,"2012-11-30",1500,"Friday",TRUE
"17462",NA,"2012-11-30",1505,"Friday",TRUE
"17463",NA,"2012-11-30",1510,"Friday",TRUE
"17464",NA,"2012-11-30",1515,"Friday",TRUE
"17465",NA,"2012-11-30",1520,"Friday",TRUE
"17466",NA,"2012-11-30",1525,"Friday",TRUE
"17467",NA,"2012-11-30",1530,"Friday",TRUE
"17468",NA,"2012-11-30",1535,"Friday",TRUE
"17469",NA,"2012-11-30",1540,"Friday",TRUE
"17470",NA,"2012-11-30",1545,"Friday",TRUE
"17471",NA,"2012-11-30",1550,"Friday",TRUE
"17472",NA,"2012-11-30",1555,"Friday",TRUE
"17473",NA,"2012-11-30",1600,"Friday",TRUE
"17474",NA,"2012-11-30",1605,"Friday",TRUE
"17475",NA,"2012-11-30",1610,"Friday",TRUE
"17476",NA,"2012-11-30",1615,"Friday",TRUE
"17477",NA,"2012-11-30",1620,"Friday",TRUE
"17478",NA,"2012-11-30",1625,"Friday",TRUE
"17479",NA,"2012-11-30",1630,"Friday",TRUE
"17480",NA,"2012-11-30",1635,"Friday",TRUE
"17481",NA,"2012-11-30",1640,"Friday",TRUE
"17482",NA,"2012-11-30",1645,"Friday",TRUE
"17483",NA,"2012-11-30",1650,"Friday",TRUE
"17484",NA,"2012-11-30",1655,"Friday",TRUE
"17485",NA,"2012-11-30",1700,"Friday",TRUE
"17486",NA,"2012-11-30",1705,"Friday",TRUE
"17487",NA,"2012-11-30",1710,"Friday",TRUE
"17488",NA,"2012-11-30",1715,"Friday",TRUE
"17489",NA,"2012-11-30",1720,"Friday",TRUE
"17490",NA,"2012-11-30",1725,"Friday",TRUE
"17491",NA,"2012-11-30",1730,"Friday",TRUE
"17492",NA,"2012-11-30",1735,"Friday",TRUE
"17493",NA,"2012-11-30",1740,"Friday",TRUE
"17494",NA,"2012-11-30",1745,"Friday",TRUE
"17495",NA,"2012-11-30",1750,"Friday",TRUE
"17496",NA,"2012-11-30",1755,"Friday",TRUE
"17497",NA,"2012-11-30",1800,"Friday",TRUE
"17498",NA,"2012-11-30",1805,"Friday",TRUE
"17499",NA,"2012-11-30",1810,"Friday",TRUE
"17500",NA,"2012-11-30",1815,"Friday",TRUE
"17501",NA,"2012-11-30",1820,"Friday",TRUE
"17502",NA,"2012-11-30",1825,"Friday",TRUE
"17503",NA,"2012-11-30",1830,"Friday",TRUE
"17504",NA,"2012-11-30",1835,"Friday",TRUE
"17505",NA,"2012-11-30",1840,"Friday",TRUE
"17506",NA,"2012-11-30",1845,"Friday",TRUE
"17507",NA,"2012-11-30",1850,"Friday",TRUE
"17508",NA,"2012-11-30",1855,"Friday",TRUE
"17509",NA,"2012-11-30",1900,"Friday",TRUE
"17510",NA,"2012-11-30",1905,"Friday",TRUE
"17511",NA,"2012-11-30",1910,"Friday",TRUE
"17512",NA,"2012-11-30",1915,"Friday",TRUE
"17513",NA,"2012-11-30",1920,"Friday",TRUE
"17514",NA,"2012-11-30",1925,"Friday",TRUE
"17515",NA,"2012-11-30",1930,"Friday",TRUE
"17516",NA,"2012-11-30",1935,"Friday",TRUE
"17517",NA,"2012-11-30",1940,"Friday",TRUE
"17518",NA,"2012-11-30",1945,"Friday",TRUE
"17519",NA,"2012-11-30",1950,"Friday",TRUE
"17520",NA,"2012-11-30",1955,"Friday",TRUE
"17521",NA,"2012-11-30",2000,"Friday",TRUE
"17522",NA,"2012-11-30",2005,"Friday",TRUE
"17523",NA,"2012-11-30",2010,"Friday",TRUE
"17524",NA,"2012-11-30",2015,"Friday",TRUE
"17525",NA,"2012-11-30",2020,"Friday",TRUE
"17526",NA,"2012-11-30",2025,"Friday",TRUE
"17527",NA,"2012-11-30",2030,"Friday",TRUE
"17528",NA,"2012-11-30",2035,"Friday",TRUE
"17529",NA,"2012-11-30",2040,"Friday",TRUE
"17530",NA,"2012-11-30",2045,"Friday",TRUE
"17531",NA,"2012-11-30",2050,"Friday",TRUE
"17532",NA,"2012-11-30",2055,"Friday",TRUE
"17533",NA,"2012-11-30",2100,"Friday",TRUE
"17534",NA,"2012-11-30",2105,"Friday",TRUE
"17535",NA,"2012-11-30",2110,"Friday",TRUE
"17536",NA,"2012-11-30",2115,"Friday",TRUE
"17537",NA,"2012-11-30",2120,"Friday",TRUE
"17538",NA,"2012-11-30",2125,"Friday",TRUE
"17539",NA,"2012-11-30",2130,"Friday",TRUE
"17540",NA,"2012-11-30",2135,"Friday",TRUE
"17541",NA,"2012-11-30",2140,"Friday",TRUE
"17542",NA,"2012-11-30",2145,"Friday",TRUE
"17543",NA,"2012-11-30",2150,"Friday",TRUE
"17544",NA,"2012-11-30",2155,"Friday",TRUE
"17545",NA,"2012-11-30",2200,"Friday",TRUE
"17546",NA,"2012-11-30",2205,"Friday",TRUE
"17547",NA,"2012-11-30",2210,"Friday",TRUE
"17548",NA,"2012-11-30",2215,"Friday",TRUE
"17549",NA,"2012-11-30",2220,"Friday",TRUE
"17550",NA,"2012-11-30",2225,"Friday",TRUE
"17551",NA,"2012-11-30",2230,"Friday",TRUE
"17552",NA,"2012-11-30",2235,"Friday",TRUE
"17553",NA,"2012-11-30",2240,"Friday",TRUE
"17554",NA,"2012-11-30",2245,"Friday",TRUE
"17555",NA,"2012-11-30",2250,"Friday",TRUE
"17556",NA,"2012-11-30",2255,"Friday",TRUE
"17557",NA,"2012-11-30",2300,"Friday",TRUE
"17558",NA,"2012-11-30",2305,"Friday",TRUE
"17559",NA,"2012-11-30",2310,"Friday",TRUE
"17560",NA,"2012-11-30",2315,"Friday",TRUE
"17561",NA,"2012-11-30",2320,"Friday",TRUE
"17562",NA,"2012-11-30",2325,"Friday",TRUE
"17563",NA,"2012-11-30",2330,"Friday",TRUE
"17564",NA,"2012-11-30",2335,"Friday",TRUE
"17565",NA,"2012-11-30",2340,"Friday",TRUE
"17566",NA,"2012-11-30",2345,"Friday",TRUE
"17567",NA,"2012-11-30",2350,"Friday",TRUE
"17568",NA,"2012-11-30",2355,"Friday",TRUE
